MSA,Population 2000, Population 2001, Population 2002, Population 2003, Population 2004, Population 2005, Population 2006, Population 2007, Population 2008, Population 2009,Population 2010,Density 2000,Density 2001,Density 2002,Density 2003,Density 2004,Density 2005,Density 2006,Density 2007,Density 2008,Density 2009,Density 2010
"Abilene, TX MSA",126555,130424.7,134294.4,138164.1,142033.8,145903.5,149773.2,153642.9,157512.6,161382.3,165252,138.2,130.4,122.6,114.8,107,99.2,91.4,83.6,75.8,68,60.2
"Aguadilla, PR MSA",146424,162410.8,178397.6,194384.4,210371.2,226358,242344.8,258331.6,274318.4,290305.2,306292,1242.9,1204.05,1165.2,1126.35,1087.5,1048.65,1009.8,970.95,932.1,893.25,854.4
"Akron, OH PMSA",694960,695784,696608,697432,698256,699080,699904,700728,701552,702376,703200,767.8,769.14,770.48,771.82,773.16,774.5,775.84,777.18,778.52,779.86,781.2
"Albany, GA MSA",120822,124470.6,128119.2,131767.8,135416.4,139065,142713.6,146362.2,150010.8,153659.4,157308,176.3,166.81,157.32,147.83,138.34,128.85,119.36,109.87,100.38,90.89,81.4
"Albany--Schenectady--Troy, NY MSA",875583,875096.3,874609.6,874122.9,873636.2,873149.5,872662.8,872176.1,871689.4,871202.7,870716,271.7,275.5,279.3,283.1,286.9,290.7,294.5,298.3,302.1,305.9,309.7
"Albuquerque, NM MSA",712738,730171.9,747605.8,765039.7,782473.6,799907.5,817341.4,834775.3,852209.2,869643.1,887077,119.9,117.47,115.04,112.61,110.18,107.75,105.32,102.89,100.46,98.03,95.6
"Alexandria, LA MSA",126337,129095.5,131854,134612.5,137371,140129.5,142888,145646.5,148405,151163.5,153922,95.5,93.8,92.1,90.4,88.7,87,85.3,83.6,81.9,80.2,78.5
"Allentown--Bethlehem--Easton, PA MSA",637958,656279.5,674601,692922.5,711244,729565.5,747887,766208.5,784530,802851.5,821173,579.2,577.79,576.38,574.97,573.56,572.15,570.74,569.33,567.92,566.51,565.1
"Altoona, PA MSA",129144,128938.5,128733,128527.5,128322,128116.5,127911,127705.5,127500,127294.5,127089,245.6,245.21,244.82,244.43,244.04,243.65,243.26,242.87,242.48,242.09,241.7
"Amarillo, TX MSA",217858,221060.3,224262.6,227464.9,230667.2,233869.5,237071.8,240274.1,243476.4,246678.7,249881,119.5,114.4,109.3,104.2,99.1,94,88.9,83.8,78.7,73.6,68.5
"Anchorage, AK MSA",260283,272336.8,284390.6,296444.4,308498.2,320552,332605.8,344659.6,356713.4,368767.2,380821,153.4,139.51,125.62,111.73,97.84,83.95,70.06,56.17,42.28,28.39,14.5
"Ann Arbor, MI PMSA",578736,555341.5,531947,508552.5,485158,461763.5,438369,414974.5,391580,368185.5,344791,285.3,305.61,325.92,346.23,366.54,386.85,407.16,427.47,447.78,468.09,488.4
"Anniston, AL MSA",112249,112881.3,113513.6,114145.9,114778.2,115410.5,116042.8,116675.1,117307.4,117939.7,118572,184.5,185.62,186.74,187.86,188.98,190.1,191.22,192.34,193.46,194.58,195.7
"Appleton--Oshkosh--Neenah, WI MSA",358365,322528.5,286692,250855.5,215019,179182.5,143346,107509.5,71673,35836.5,,256.2,230.58,204.96,179.34,153.72,128.1,102.48,76.86,51.24,25.62,
"Arecibo, PR PMSA",174300,156870,139440,122010,104580,87150,69720,52290,34860,17430,,813.7,732.33,650.96,569.59,488.22,406.85,325.48,244.11,162.74,81.37,
"Asheville, NC MSA",225965,245854.3,265743.6,285632.9,305522.2,325411.5,345300.8,365190.1,385079.4,404968.7,424858,204.4,204.86,205.32,205.78,206.24,206.7,207.16,207.62,208.08,208.54,209
"Athens, GA MSA",153444,157353.7,161263.4,165173.1,169082.8,172992.5,176902.2,180811.9,184721.6,188631.3,192541,259.9,252.7,245.5,238.3,231.1,223.9,216.7,209.5,202.3,195.1,187.9
"Atlanta, GA MSA",4112198,4227864.2,4343530.4,4459196.6,4574862.8,4690529,4806195.2,4921861.4,5037527.6,5153193.8,5268860,671.5,604.35,537.2,470.05,402.9,335.75,268.6,201.45,134.3,67.15,
"Atlantic--Cape May, NJ PMSA",354878,319390.2,283902.4,248414.6,212926.8,177439,141951.2,106463.4,70975.6,35487.8,,434.8,391.32,347.84,304.36,260.88,217.4,173.92,130.44,86.96,43.48,
"Auburn--Opelika, AL MSA",115092,117607.5,120123,122638.5,125154,127669.5,130185,132700.5,135216,137731.5,140247,189.1,193.27,197.44,201.61,205.78,209.95,214.12,218.29,222.46,226.63,230.8
"Augusta--Aiken, GA--SC MSA",477441,485384.6,493328.2,501271.8,509215.4,517159,525102.6,533046.2,540989.8,548933.4,556877,195,192.53,190.06,187.59,185.12,182.65,180.18,177.71,175.24,172.77,170.3
"Austin--San Marcos, TX MSA",1249763,1296415.6,1343068.2,1389720.8,1436373.4,1483026,1529678.6,1576331.2,1622983.8,1669636.4,1716289,295.9,306.98,318.06,329.14,340.22,351.3,362.38,373.46,384.54,395.62,406.7
"Bakersfield, CA MSA",661645,679443.6,697242.2,715040.8,732839.4,750638,768436.6,786235.2,804033.8,821832.4,839631,81.3,83.5,85.7,87.9,90.1,92.3,94.5,96.7,98.9,101.1,103.3
"Baltimore, MD PMSA",2552994,2568743.5,2584493,2600242.5,2615992,2631741.5,2647491,2663240.5,2678990,2694739.5,2710489,978.5,984.84,991.18,997.52,1003.86,1010.2,1016.54,1022.88,1029.22,1035.56,1041.9
"Bangor, ME MSA",90864,97169.9,103475.8,109781.7,116087.6,122393.5,128699.4,135005.3,141311.2,147617.1,153923,228.7,210.36,192.02,173.68,155.34,137,118.66,100.32,81.98,63.64,45.3
"Barnstable--Yarmouth, MA MSA",162582,167912.6,173243.2,178573.8,183904.4,189235,194565.6,199896.2,205226.8,210557.4,215888,625.8,618.05,610.3,602.55,594.8,587.05,579.3,571.55,563.8,556.05,548.3
"Baton Rouge, LA MSA",602894,622853,642812,662771,682730,702689,722648,742607,762566,782525,802484,380.1,362.02,343.94,325.86,307.78,289.7,271.62,253.54,235.46,217.38,199.3
"Beaumont--Port Arthur, TX MSA",385090,385455.5,385821,386186.5,386552,386917.5,387283,387648.5,388014,388379.5,388745,178.8,179.43,180.06,180.69,181.32,181.95,182.58,183.21,183.84,184.47,185.1
"Bellingham, WA MSA",166814,170246.6,173679.2,177111.8,180544.4,183977,187409.6,190842.2,194274.8,197707.4,201140,78.7,80.38,82.06,83.74,85.42,87.1,88.78,90.46,92.14,93.82,95.5
"Benton Harbor, MI MSA",162453,146207.7,129962.4,113717.1,97471.8,81226.5,64981.2,48735.9,32490.6,16245.3,,284.5,256.05,227.6,199.15,170.7,142.25,113.8,85.35,56.9,28.45,
"Bergen--Passaic, NJ PMSA",1373167,1235850.3,1098533.6,961216.9,823900.2,686583.5,549266.8,411950.1,274633.4,137316.7,,3273.6,2946.24,2618.88,2291.52,1964.16,1636.8,1309.44,982.08,654.72,327.36,
"Billings, MT MSA",129352,132221.8,135091.6,137961.4,140831.2,143701,146570.8,149440.6,152310.4,155180.2,158050,49.1,47.57,46.04,44.51,42.98,41.45,39.92,38.39,36.86,35.33,33.8
"Biloxi--Gulfport--Pascagoula, MS MSA",363988,327589.2,291190.4,254791.6,218392.8,181994,145595.2,109196.4,72797.6,36398.8,,203.9,183.51,163.12,142.73,122.34,101.95,81.56,61.17,40.78,20.39,
"Binghamton, NY MSA",252320,252260.5,252201,252141.5,252082,252022.5,251963,251903.5,251844,251784.5,251725,205.9,205.87,205.84,205.81,205.78,205.75,205.72,205.69,205.66,205.63,205.6
"Birmingham, AL MSA",921106,941800.1,962494.2,983188.3,1003882.4,1024576.5,1045270.6,1065964.7,1086658.8,1107352.9,1128047,289.1,281.56,274.02,266.48,258.94,251.4,243.86,236.32,228.78,221.24,213.7
"Bismarck, ND MSA",94719,96125,97531,98937,100343,101749,103155,104561,105967,107373,108779,26.6,27,27.4,27.8,28.2,28.6,29,29.4,29.8,30.2,30.6
"Bloomington, IN MSA",120563,127778.1,134993.2,142208.3,149423.4,156638.5,163853.6,171068.7,178283.8,185498.9,192714,305.7,289.7,273.7,257.7,241.7,225.7,209.7,193.7,177.7,161.7,145.7
"Bloomington--Normal, IL MSA",150433,152346.9,154260.8,156174.7,158088.6,160002.5,161916.4,163830.3,165744.2,167658.1,169572,127.1,128.72,130.34,131.96,133.58,135.2,136.82,138.44,140.06,141.68,143.3
"Boise City, ID MSA",432345,450766.6,469188.2,487609.8,506031.4,524453,542874.6,561296.2,579717.8,598139.4,616561,262.9,241.85,220.8,199.75,178.7,157.65,136.6,115.55,94.5,73.45,52.4
"Boston, MA--NH PMSA",3406829,3521386.3,3635943.6,3750500.9,3865058.2,3979615.5,4094172.8,4208730.1,4323287.4,4437844.7,4552402,1685.1,1647.13,1609.16,1571.19,1533.22,1495.25,1457.28,1419.31,1381.34,1343.37,1305.4
"Boston--Worcester--Lawrence, MA--NH--ME--CT CMSA",5819100,5237190,4655280,4073370,3491460,2909550,2327640,1745730,1163820,581910,,1034.1,930.69,827.28,723.87,620.46,517.05,413.64,310.23,206.82,103.41,
"Boulder--Longmont, CO PMSA",291288,291615.9,291943.8,292271.7,292599.6,292927.5,293255.4,293583.3,293911.2,294239.1,294567,392.3,393.63,394.96,396.29,397.62,398.95,400.28,401.61,402.94,404.27,405.6
"Brazoria, TX PMSA",241767,217590.3,193413.6,169236.9,145060.2,120883.5,96706.8,72530.1,48353.4,24176.7,,174.4,156.96,139.52,122.08,104.64,87.2,69.76,52.32,34.88,17.44,
"Bremerton, WA PMSA",231969,233885.4,235801.8,237718.2,239634.6,241551,243467.4,245383.8,247300.2,249216.6,251133,585.8,590.81,595.82,600.83,605.84,610.85,615.86,620.87,625.88,630.89,635.9
"Bridgeport, CT PMSA",459479,505214,550949,596684,642419,688154,733889,779624,825359,871094,916829,1754.9,1726.13,1697.36,1668.59,1639.82,1611.05,1582.28,1553.51,1524.74,1495.97,1467.2
"Brockton, MA PMSA",255459,229913.1,204367.2,178821.3,153275.4,127729.5,102183.6,76637.7,51091.8,25545.9,,858.5,772.65,686.8,600.95,515.1,429.25,343.4,257.55,171.7,85.85,
"Brownsville--Harlingen--San Benito, TX MSA",335227,342326.3,349425.6,356524.9,363624.2,370723.5,377822.8,384922.1,392021.4,399120.7,406220,370.1,378.69,387.28,395.87,404.46,413.05,421.64,430.23,438.82,447.41,456
"Bryan--College Station, TX MSA",152415,137173.5,121932,106690.5,91449,76207.5,60966,45724.5,30483,15241.5,,260.2,234.18,208.16,182.14,156.12,130.1,104.08,78.06,52.04,26.02,
"Buffalo--Niagara Falls, NY MSA",1170111,1166650.8,1163190.6,1159730.4,1156270.2,1152810,1149349.8,1145889.6,1142429.4,1138969.2,1135509,746.6,744.49,742.38,740.27,738.16,736.05,733.94,731.83,729.72,727.61,725.5
"Burlington, VT MSA",169391,167565,165739,163913,162087,160261,158435,156609,154783,152957,151131,301.4,306.91,312.42,317.93,323.44,328.95,334.46,339.97,345.48,350.99,356.5
"Caguas, PR PMSA",308365,277528.5,246692,215855.5,185019,154182.5,123346,92509.5,61673,30836.5,,1354.5,1219.05,1083.6,948.15,812.7,677.25,541.8,406.35,270.9,135.45,
"Canton--Massillon, OH MSA",406934,406682.8,406431.6,406180.4,405929.2,405678,405426.8,405175.6,404924.4,404673.2,404422,419.2,418.98,418.76,418.54,418.32,418.1,417.88,417.66,417.44,417.22,417
"Casper, WY MSA",66533,67424.7,68316.4,69208.1,70099.8,70991.5,71883.2,72774.9,73666.6,74558.3,75450,12.5,12.66,12.82,12.98,13.14,13.3,13.46,13.62,13.78,13.94,14.1
"Cedar Rapids, IA MSA",191701,198324.9,204948.8,211572.7,218196.6,224820.5,231444.4,238068.3,244692.2,251316.1,257940,267.2,253.32,239.44,225.56,211.68,197.8,183.92,170.04,156.16,142.28,128.4
"Champaign--Urbana, IL MSA",179669,184891.2,190113.4,195335.6,200557.8,205780,211002.2,216224.4,221446.6,226668.8,231891,180.2,174.25,168.3,162.35,156.4,150.45,144.5,138.55,132.6,126.65,120.7
"Charleston, WV MSA",251662,256924.2,262186.4,267448.6,272710.8,277973,283235.2,288497.4,293759.6,299021.8,304284,201.4,193.3,185.2,177.1,169,160.9,152.8,144.7,136.6,128.5,120.4
"Charleston--North Charleston, SC MSA",549033,560590.4,572147.8,583705.2,595262.6,606820,618377.4,629934.8,641492.2,653049.6,664607,211.9,216.39,220.88,225.37,229.86,234.35,238.84,243.33,247.82,252.31,256.8
"Charlotte--Gastonia--Rock Hill, NC--SC MSA",1499293,1525167.5,1551042,1576916.5,1602791,1628665.5,1654540,1680414.5,1706289,1732163.5,1758038,444,456.58,469.16,481.74,494.32,506.9,519.48,532.06,544.64,557.22,569.8
"Charlottesville, VA MSA",159576,163774.3,167972.6,172170.9,176369.2,180567.5,184765.8,188964.1,193162.4,197360.7,201559,135.6,134.3,133,131.7,130.4,129.1,127.8,126.5,125.2,123.9,122.6
"Chattanooga, TN--GA MSA",465161,471459.2,477757.4,484055.6,490353.8,496652,502950.2,509248.4,515546.6,521844.8,528143,255.1,254.87,254.64,254.41,254.18,253.95,253.72,253.49,253.26,253.03,252.8
"Cheyenne, WY MSA",81607,82620.1,83633.2,84646.3,85659.4,86672.5,87685.6,88698.7,89711.8,90724.9,91738,30.4,30.78,31.16,31.54,31.92,32.3,32.68,33.06,33.44,33.82,34.2
"Chicago, IL PMSA",8272768,7445491.2,6618214.4,5790937.6,4963660.8,4136384,3309107.2,2481830.4,1654553.6,827276.8,,1634.2,1470.78,1307.36,1143.94,980.52,817.1,653.68,490.26,326.84,163.42,
"Chicago--Gary--Kenosha, IL--IN--WI CMSA",9157540,9187896.5,9218253,9248609.5,9278966,9309322.5,9339679,9370035.5,9400392,9430748.5,9461105,1322,1189.8,1057.6,925.4,793.2,661,528.8,396.6,264.4,132.2,
"Chico--Paradise, CA MSA",203171,204853.9,206536.8,208219.7,209902.6,211585.5,213268.4,214951.3,216634.2,218317.1,220000,123.9,124.95,126,127.05,128.1,129.15,130.2,131.25,132.3,133.35,134.4
"Cincinnati, OH--KY--IN PMSA",1646395,1481755.5,1317116,1152476.5,987837,823197.5,658558,493918.5,329279,164639.5,,492.7,443.43,394.16,344.89,295.62,246.35,197.08,147.81,98.54,49.27,
"Cincinnati--Hamilton, OH--KY--IN CMSA",1979202,1994296.9,2009391.8,2024486.7,2039581.6,2054676.5,2069771.4,2084866.3,2099961.2,2115056.1,2130151,519.6,516.14,512.68,509.22,505.76,502.3,498.84,495.38,491.92,488.46,485
"Clarksville--Hopkinsville, TN--KY MSA",207033,213724.6,220416.2,227107.8,233799.4,240491,247182.6,253874.2,260565.8,267257.4,273949,164.2,160.48,156.76,153.04,149.32,145.6,141.88,138.16,134.44,130.72,127
"Cleveland--Akron, OH CMSA",2945831,2651247.9,2356664.8,2062081.7,1767498.6,1472915.5,1178332.4,883749.3,589166.2,294583.1,,815.6,734.04,652.48,570.92,489.36,407.8,326.24,244.68,163.12,81.56,
"Cleveland--Lorain--Elyria, OH PMSA",2250871,2233507.9,2216144.8,2198781.7,2181418.6,2164055.5,2146692.4,2129329.3,2111966.2,2094603.1,2077240,831.5,852.35,873.2,894.05,914.9,935.75,956.6,977.45,998.3,1019.15,1040
"Colorado Springs, CO MSA",516929,529797.4,542665.8,555534.2,568402.6,581271,594139.4,607007.8,619876.2,632744.6,645613,243.1,242.85,242.6,242.35,242.1,241.85,241.6,241.35,241.1,240.85,240.6
"Columbia, MO MSA",135454,139187.2,142920.4,146653.6,150386.8,154120,157853.2,161586.4,165319.6,169052.8,172786,197.6,192.87,188.14,183.41,178.68,173.95,169.22,164.49,159.76,155.03,150.3
"Columbia, SC MSA",536691,559781.7,582872.4,605963.1,629053.8,652144.5,675235.2,698325.9,721416.6,744507.3,767598,368.7,352.56,336.42,320.28,304.14,288,271.86,255.72,239.58,223.44,207.3
"Columbus, GA--AL MSA",274624,276648.1,278672.2,280696.3,282720.4,284744.5,286768.6,288792.7,290816.8,292840.9,294865,174.9,172.64,170.38,168.12,165.86,163.6,161.34,159.08,156.82,154.56,152.3
"Columbus, OH MSA",1540157,1569794.9,1599432.8,1629070.7,1658708.6,1688346.5,1717984.4,1747622.3,1777260.2,1806898.1,1836536,490.3,487.56,484.82,482.08,479.34,476.6,473.86,471.12,468.38,465.64,462.9
"Corpus Christi, TX MSA",380783,385523.2,390263.4,395003.6,399743.8,404484,409224.2,413964.4,418704.6,423444.8,428185,249.3,248.37,247.44,246.51,245.58,244.65,243.72,242.79,241.86,240.93,240
"Corvallis, OR MSA",78153,78895.6,79638.2,80380.8,81123.4,81866,82608.6,83351.2,84093.8,84836.4,85579,115.5,116.61,117.72,118.83,119.94,121.05,122.16,123.27,124.38,125.49,126.6
"Cumberland, MD--WV MSA",102008,102137.1,102266.2,102395.3,102524.4,102653.5,102782.6,102911.7,103040.8,103169.9,103299,135.4,135.6,135.8,136,136.2,136.4,136.6,136.8,137,137.2,137.4
"Dallas, TX PMSA",3519176,3167258.4,2815340.8,2463423.2,2111505.6,1759588,1407670.4,1055752.8,703835.2,351917.6,,568.9,512.01,455.12,398.23,341.34,284.45,227.56,170.67,113.78,56.89,
"Dallas--Fort Worth, TX CMSA",5221801,5336798.2,5451795.4,5566792.6,5681789.8,5796787,5911784.2,6026781.4,6141778.6,6256775.8,6371773,573.6,587.61,601.62,615.63,629.64,643.65,657.66,671.67,685.68,699.69,713.7
"Danbury, CT PMSA",217980,196182,174384,152586,130788,108990,87192,65394,43596,21798,,563.4,507.06,450.72,394.38,338.04,281.7,225.36,169.02,112.68,56.34,
"Danville, VA MSA",110156,109796.5,109437,109077.5,108718,108358.5,107999,107639.5,107280,106920.5,106561,108.7,108.36,108.02,107.68,107.34,107,106.66,106.32,105.98,105.64,105.3
"Davenport--Moline--Rock Island, IA--IL MSA",359062,361124.8,363187.6,365250.4,367313.2,369376,371438.8,373501.6,375564.4,377627.2,379690,210.2,205.91,201.62,197.33,193.04,188.75,184.46,180.17,175.88,171.59,167.3
"Daytona Beach, FL MSA",493175,493316.8,493458.6,493600.4,493742.2,493884,494025.8,494167.6,494309.4,494451.2,494593,310.5,324.37,338.24,352.11,365.98,379.85,393.72,407.59,421.46,435.33,449.2
"Dayton--Springfield, OH MSA",950558,855502.2,760446.4,665390.6,570334.8,475279,380223.2,285167.4,190111.6,95055.8,,564.6,508.14,451.68,395.22,338.76,282.3,225.84,169.38,112.92,56.46,
"Decatur, AL MSA",145867,146663.2,147459.4,148255.6,149051.8,149848,150644.2,151440.4,152236.6,153032.8,153829,114.4,115.07,115.74,116.41,117.08,117.75,118.42,119.09,119.76,120.43,121.1
"Decatur, IL MSA",114706,114312.2,113918.4,113524.6,113130.8,112737,112343.2,111949.4,111555.6,111161.8,110768,197.6,196.92,196.24,195.56,194.88,194.2,193.52,192.84,192.16,191.48,190.8
"Denver, CO PMSA",2109282,2152702,2196122,2239542,2282962,2326382,2369802,2413222,2456642,2500062,2543482,560.9,535.29,509.68,484.07,458.46,432.85,407.24,381.63,356.02,330.41,304.8
"Denver--Boulder--Greeley, CO CMSA",2581506,2323355.4,2065204.8,1807054.2,1548903.6,1290753,1032602.4,774451.8,516301.2,258150.6,,303.9,273.51,243.12,212.73,182.34,151.95,121.56,91.17,60.78,30.39,
"Des Moines, IA MSA",456022,467383.1,478744.2,490105.3,501466.4,512827.5,524188.6,535549.7,546910.8,558271.9,569633,264,257.35,250.7,244.05,237.4,230.75,224.1,217.45,210.8,204.15,197.5
"Detroit, MI PMSA",4441551,4427020.9,4412490.8,4397960.7,4383430.6,4368900.5,4354370.4,4339840.3,4325310.2,4310780.1,4296250,1139.8,1136.31,1132.82,1129.33,1125.84,1122.35,1118.86,1115.37,1111.88,1108.39,1104.9
"Detroit--Ann Arbor--Flint, MI CMSA",5456428,4910785.2,4365142.4,3819499.6,3273856.8,2728214,2182571.2,1636928.4,1091285.6,545642.8,,831.1,747.99,664.88,581.77,498.66,415.55,332.44,249.33,166.22,83.11,
"Dothan, AL MSA",137916,138688.3,139460.6,140232.9,141005.2,141777.5,142549.8,143322.1,144094.4,144866.7,145639,120.8,117.21,113.62,110.03,106.44,102.85,99.26,95.67,92.08,88.49,84.9
"Dover, DE MSA",126697,130258.3,133819.6,137380.9,140942.2,144503.5,148064.8,151626.1,155187.4,158748.7,162310,214.8,221.01,227.22,233.43,239.64,245.85,252.06,258.27,264.48,270.69,276.9
"Dubuque, IA MSA",89143,89594,90045,90496,90947,91398,91849,92300,92751,93202,93653,146.6,147.34,148.08,148.82,149.56,150.3,151.04,151.78,152.52,153.26,154
"Duluth--Superior, MN--WI MSA",243815,247410.6,251006.2,254601.8,258197.4,261793,265388.6,268984.2,272579.8,276175.4,279771,32.4,32.49,32.58,32.67,32.76,32.85,32.94,33.03,33.12,33.21,33.3
"Dutchess County, NY PMSA",280150,252135,224120,196105,168090,140075,112060,84045,56030,28015,,349.5,314.55,279.6,244.65,209.7,174.75,139.8,104.85,69.9,34.95,
"Eau Claire, WI MSA",148337,149618.4,150899.8,152181.2,153462.6,154744,156025.4,157306.8,158588.2,159869.6,161151,90,90.79,91.58,92.37,93.16,93.95,94.74,95.53,96.32,97.11,97.9
"El Paso, TX MSA",679622,691724.5,703827,715929.5,728032,740134.5,752237,764339.5,776442,788544.5,800647,670.8,682.78,694.76,706.74,718.72,730.7,742.68,754.66,766.64,778.62,790.6
"Elkhart--Goshen, IN MSA",182791,184267.8,185744.6,187221.4,188698.2,190175,191651.8,193128.6,194605.4,196082.2,197559,394.1,397.34,400.58,403.82,407.06,410.3,413.54,416.78,420.02,423.26,426.5
"Elmira, NY MSA",91070,90846,90622,90398,90174,89950,89726,89502,89278,89054,88830,223.1,222.6,222.1,221.6,221.1,220.6,220.1,219.6,219.1,218.6,218.1
"Enid, OK MSA",57813,52031.7,46250.4,40469.1,34687.8,28906.5,23125.2,17343.9,11562.6,5781.3,,54.6,49.14,43.68,38.22,32.76,27.3,21.84,16.38,10.92,5.46,
"Erie, PA MSA",280843,280815.3,280787.6,280759.9,280732.2,280704.5,280676.8,280649.1,280621.4,280593.7,280566,350.2,350.29,350.38,350.47,350.56,350.65,350.74,350.83,350.92,351.01,351.1
"Eugene--Springfield, OR MSA",322959,325834.6,328710.2,331585.8,334461.4,337337,340212.6,343088.2,345963.8,348839.4,351715,70.9,71.53,72.16,72.79,73.42,74.05,74.68,75.31,75.94,76.57,77.2
"Evansville--Henderson, IN--KY MSA",296195,302443.1,308691.2,314939.3,321187.4,327435.5,333683.6,339931.7,346179.8,352427.9,358676,201.9,197.41,192.92,188.43,183.94,179.45,174.96,170.47,165.98,161.49,157
"Fargo--Moorhead, ND--MN MSA",174367,177808,181249,184690,188131,191572,195013,198454,201895,205336,208777,62,63.23,64.46,65.69,66.92,68.15,69.38,70.61,71.84,73.07,74.3
"Fayetteville, NC MSA",302963,309305,315647,321989,328331,334673,341015,347357,353699,360041,366383,464.2,452.91,441.62,430.33,419.04,407.75,396.46,385.17,373.88,362.59,351.3
"Fayetteville--Springdale--Rogers, AR MSA",311121,326329.3,341537.6,356745.9,371954.2,387162.5,402370.8,417579.1,432787.4,447995.7,463204,173.3,170.61,167.92,165.23,162.54,159.85,157.16,154.47,151.78,149.09,146.4
"Fitchburg--Leominster, MA PMSA",142284,128055.6,113827.2,99598.8,85370.4,71142,56913.6,42685.2,28456.8,14228.4,,510.8,459.72,408.64,357.56,306.48,255.4,204.32,153.24,102.16,51.08,
"Flagstaff, AZ--UT MSA",122366,123571.5,124777,125982.5,127188,128393.5,129599,130804.5,132010,133215.5,134421,5.4,5.58,5.76,5.94,6.12,6.3,6.48,6.66,6.84,7.02,7.2
"Flint, MI PMSA",436141,435105.9,434070.8,433035.7,432000.6,430965.5,429930.4,428895.3,427860.2,426825.1,425790,681.9,680.56,679.22,677.88,676.54,675.2,673.86,672.52,671.18,669.84,668.5
"Florence, AL MSA",142950,143368.7,143787.4,144206.1,144624.8,145043.5,145462.2,145880.9,146299.6,146718.3,147137,113.1,113.46,113.82,114.18,114.54,114.9,115.26,115.62,115.98,116.34,116.7
"Florence, SC MSA",125761,133741.5,141722,149702.5,157683,165663.5,173644,181624.5,189605,197585.5,205566,157.2,156.58,155.96,155.34,154.72,154.1,153.48,152.86,152.24,151.62,151
"Fort Collins--Loveland, CO MSA",251494,256307.6,261121.2,265934.8,270748.4,275562,280375.6,285189.2,290002.8,294816.4,299630,96.7,98.57,100.44,102.31,104.18,106.05,107.92,109.79,111.66,113.53,115.4
"Fort Lauderdale, FL PMSA",1623018,1460716.2,1298414.4,1136112.6,973810.8,811509,649207.2,486905.4,324603.6,162301.8,,1346.5,1211.85,1077.2,942.55,807.9,673.25,538.6,403.95,269.3,134.65,
"Fort Myers--Cape Coral, FL MSA",440888,396799.2,352710.4,308621.6,264532.8,220444,176355.2,132266.4,88177.6,44088.8,,548.6,493.74,438.88,384.02,329.16,274.3,219.44,164.58,109.72,54.86,
"Fort Pierce--Port St. Lucie, FL MSA",319426,287483.4,255540.8,223598.2,191655.6,159713,127770.4,95827.8,63885.2,31942.6,,283.2,254.88,226.56,198.24,169.92,141.6,113.28,84.96,56.64,28.32,
"Fort Smith, AR--OK MSA",207290,216420.2,225550.4,234680.6,243810.8,252941,262071.2,271201.4,280331.6,289461.8,298592,114.8,110.79,106.78,102.77,98.76,94.75,90.74,86.73,82.72,78.71,74.7
"Fort Walton Beach, FL MSA",170498,153448.2,136398.4,119348.6,102298.8,85249,68199.2,51149.4,34099.6,17049.8,,182.2,163.98,145.76,127.54,109.32,91.1,72.88,54.66,36.44,18.22,
"Fort Wayne, IN MSA",502141,493552.6,484964.2,476375.8,467787.4,459199,450610.6,442022.2,433433.8,424845.4,416257,205.2,215.27,225.34,235.41,245.48,255.55,265.62,275.69,285.76,295.83,305.9
"Fort Worth--Arlington, TX PMSA",1702625,1532362.5,1362100,1191837.5,1021575,851312.5,681050,510787.5,340525,170262.5,,583.5,525.15,466.8,408.45,350.1,291.75,233.4,175.05,116.7,58.35,
"Fresno, CA MSA",922516,923309.4,924102.8,924896.2,925689.6,926483,927276.4,928069.8,928863.2,929656.6,930450,113.9,118.13,122.36,126.59,130.82,135.05,139.28,143.51,147.74,151.97,156.2
"Gadsden, AL MSA",103459,103556.1,103653.2,103750.3,103847.4,103944.5,104041.6,104138.7,104235.8,104332.9,104430,193.4,193.58,193.76,193.94,194.12,194.3,194.48,194.66,194.84,195.02,195.2
"Gainesville, FL MSA",217955,222587,227219,231851,236483,241115,245747,250379,255011,259643,264275,249.3,245.95,242.6,239.25,235.9,232.55,229.2,225.85,222.5,219.15,215.8
"Galveston--Texas City, TX PMSA",250158,225142.2,200126.4,175110.6,150094.8,125079,100063.2,75047.4,50031.6,25015.8,,627.8,565.02,502.24,439.46,376.68,313.9,251.12,188.34,125.56,62.78,
"Gary, IN PMSA",631362,568225.8,505089.6,441953.4,378817.2,315681,252544.8,189408.6,126272.4,63136.2,,689.9,620.91,551.92,482.93,413.94,344.95,275.96,206.97,137.98,68.99,
"Glens Falls, NY MSA",124345,124802.8,125260.6,125718.4,126176.2,126634,127091.8,127549.6,128007.4,128465.2,128923,72.9,73.2,73.5,73.8,74.1,74.4,74.7,75,75.3,75.6,75.9
"Goldsboro, NC MSA",113329,114258.4,115187.8,116117.2,117046.6,117976,118905.4,119834.8,120764.2,121693.6,122623,205.1,206.76,208.42,210.08,211.74,213.4,215.06,216.72,218.38,220.04,221.7
"Grand Forks, ND--MN MSA",97478,97576.3,97674.6,97772.9,97871.2,97969.5,98067.8,98166.1,98264.4,98362.7,98461,28.6,28.63,28.66,28.69,28.72,28.75,28.78,28.81,28.84,28.87,28.9
"Grand Junction, CO MSA",116255,119301.8,122348.6,125395.4,128442.2,131489,134535.8,137582.6,140629.4,143676.2,146723,34.9,35.82,36.74,37.66,38.58,39.5,40.42,41.34,42.26,43.18,44.1
"Grand Rapids--Muskegon--Holland, MI MSA",1088514,979662.6,870811.2,761959.8,653108.4,544257,435405.6,326554.2,217702.8,108851.4,,394.6,355.14,315.68,276.22,236.76,197.3,157.84,118.38,78.92,39.46,
"Great Falls, MT MSA",80357,80454,80551,80648,80745,80842,80939,81036,81133,81230,81327,29.8,29.83,29.86,29.89,29.92,29.95,29.98,30.01,30.04,30.07,30.1
"Greeley, CO PMSA",180936,188124.9,195313.8,202502.7,209691.6,216880.5,224069.4,231258.3,238447.2,245636.1,252825,45.3,47.11,48.92,50.73,52.54,54.35,56.16,57.97,59.78,61.59,63.4
"Green Bay, WI MSA",226778,234724.3,242670.6,250616.9,258563.2,266509.5,274455.8,282402.1,290348.4,298294.7,306241,429,402.47,375.94,349.41,322.88,296.35,269.82,243.29,216.76,190.23,163.7
"Greensboro--Winston-Salem--High Point, NC MSA",1251509,1198738.2,1145967.4,1093196.6,1040425.8,987655,934884.2,882113.4,829342.6,776571.8,723801,322.5,326.55,330.6,334.65,338.7,342.75,346.8,350.85,354.9,358.95,363
"Greenville, NC MSA",133798,139369.2,144940.4,150511.6,156082.8,161654,167225.2,172796.4,178367.6,183938.8,189510,205.3,205.42,205.54,205.66,205.78,205.9,206.02,206.14,206.26,206.38,206.5
"Greenville--Spartanburg--Anderson, SC MSA",962441,866196.9,769952.8,673708.7,577464.6,481220.5,384976.4,288732.3,192488.2,96244.1,,300,270,240,210,180,150,120,90,60,30,
"Hagerstown, MD PMSA",131923,145644.7,159366.4,173088.1,186809.8,200531.5,214253.2,227974.9,241696.6,255418.3,269140,288,285.9,283.8,281.7,279.6,277.5,275.4,273.3,271.2,269.1,267
"Hamilton--Middletown, OH PMSA",332807,299526.3,266245.6,232964.9,199684.2,166403.5,133122.8,99842.1,66561.4,33280.7,,712.2,640.98,569.76,498.54,427.32,356.1,284.88,213.66,142.44,71.22,
"Harrisburg--Lebanon--Carlisle, PA MSA",629401,621408.4,613415.8,605423.2,597430.6,589438,581445.4,573452.8,565460.2,557467.6,549475,316.2,318.46,320.72,322.98,325.24,327.5,329.76,332.02,334.28,336.54,338.8
"Hartford, CT MSA",1183110,1186037.1,1188964.2,1191891.3,1194818.4,1197745.5,1200672.6,1203599.7,1206526.8,1209453.9,1212381,705.4,714.91,724.42,733.93,743.44,752.95,762.46,771.97,781.48,790.99,800.5
"Hattiesburg, MS MSA",111674,114790.8,117907.6,121024.4,124141.2,127258,130374.8,133491.6,136608.4,139725.2,142842,115.9,113.18,110.46,107.74,105.02,102.3,99.58,96.86,94.14,91.42,88.7
"Hickory--Morganton--Lenoir, NC MSA",341851,344215.6,346580.2,348944.8,351309.4,353674,356038.6,358403.2,360767.8,363132.4,365497,208.6,210.06,211.52,212.98,214.44,215.9,217.36,218.82,220.28,221.74,223.2
"Honolulu, HI MSA",876156,883861.1,891566.2,899271.3,906976.4,914681.5,922386.6,930091.7,937796.8,945501.9,953207,1460.8,1473.39,1485.98,1498.57,1511.16,1523.75,1536.34,1548.93,1561.52,1574.11,1586.7
"Houma, LA MSA",194477,195847.1,197217.2,198587.3,199957.4,201327.5,202697.6,204067.7,205437.8,206807.9,208178,83.1,83.84,84.58,85.32,86.06,86.8,87.54,88.28,89.02,89.76,90.5
"Houston, TX PMSA",4177646,4354561.4,4531476.8,4708392.2,4885307.6,5062223,5239138.4,5416053.8,5592969.2,5769884.6,5946800,705.7,702.5,699.3,696.1,692.9,689.7,686.5,683.3,680.1,676.9,673.7
"Houston--Galveston--Brazoria, TX CMSA",4669571,4202613.9,3735656.8,3268699.7,2801742.6,2334785.5,1867828.4,1400871.3,933914.2,466957.1,,606,545.4,484.8,424.2,363.6,303,242.4,181.8,121.2,60.6,
"Huntington--Ashland, WV--KY--OH MSA",315538,312754.4,309970.8,307187.2,304403.6,301620,298836.4,296052.8,293269.2,290485.6,287702,146.1,147.98,149.86,151.74,153.62,155.5,157.38,159.26,161.14,163.02,164.9
"Huntsville, AL MSA",342376,349897.7,357419.4,364941.1,372462.8,379984.5,387506.2,395027.9,402549.6,410071.3,417593,249.4,255.13,260.86,266.59,272.32,278.05,283.78,289.51,295.24,300.97,306.7
"Indianapolis, IN MSA",1607486,1622361.5,1637237,1652112.5,1666988,1681863.5,1696739,1711614.5,1726490,1741365.5,1756241,456.3,456.23,456.16,456.09,456.02,455.95,455.88,455.81,455.74,455.67,455.6
"Iowa City, IA MSA",111006,115164,119322,123480,127638,131796,135954,140112,144270,148428,152586,180.7,175.53,170.36,165.19,160.02,154.85,149.68,144.51,139.34,134.17,129
"Jackson, MI MSA",158422,158604.6,158787.2,158969.8,159152.4,159335,159517.6,159700.2,159882.8,160065.4,160248,224.2,224.62,225.04,225.46,225.88,226.3,226.72,227.14,227.56,227.98,228.4
"Jackson, MS MSA",440801,450626.6,460452.2,470277.8,480103.4,489929,499754.6,509580.2,519405.8,529231.4,539057,186.7,182.5,178.3,174.1,169.9,165.7,161.5,157.3,153.1,148.9,144.7
"Jackson, TN MSA",107377,108181.8,108986.6,109791.4,110596.2,111401,112205.8,113010.6,113815.4,114620.2,115425,127,127.99,128.98,129.97,130.96,131.95,132.94,133.93,134.92,135.91,136.9
"Jacksonville, FL MSA",1100491,1125001.5,1149512,1174022.5,1198533,1223043.5,1247554,1272064.5,1296575,1321085.5,1345596,417.6,417.88,418.16,418.44,418.72,419,419.28,419.56,419.84,420.12,420.4
"Jacksonville, NC MSA",150355,153096.7,155838.4,158580.1,161321.8,164063.5,166805.2,169546.9,172288.6,175030.3,177772,196.1,199.8,203.5,207.2,210.9,214.6,218.3,222,225.7,229.4,233.1
"Jamestown, NY MSA",139750,125775,111800,97825,83850,69875,55900,41925,27950,13975,,131.6,118.44,105.28,92.12,78.96,65.8,52.64,39.48,26.32,13.16,
"Janesville--Beloit, WI MSA",152307,153109.4,153911.8,154714.2,155516.6,156319,157121.4,157923.8,158726.2,159528.6,160331,211.4,212.59,213.78,214.97,216.16,217.35,218.54,219.73,220.92,222.11,223.3
"Jersey City, NJ PMSA",608975,548077.5,487180,426282.5,365385,304487.5,243590,182692.5,121795,60897.5,,13043.6,11739.24,10434.88,9130.52,7826.16,6521.8,5217.44,3913.08,2608.72,1304.36,
"Johnson City--Kingsport--Bristol, TN--VA MSA",480091,432081.9,384072.8,336063.7,288054.6,240045.5,192036.4,144027.3,96018.2,48009.1,,167.5,150.75,134,117.25,100.5,83.75,67,50.25,33.5,16.75,
"Johnstown, PA MSA",232621,223726.8,214832.6,205938.4,197044.2,188150,179255.8,170361.6,161467.4,152573.2,143679,132,139.67,147.34,155.01,162.68,170.35,178.02,185.69,193.36,201.03,208.7
"Jonesboro, AR MSA",82148,86035.8,89923.6,93811.4,97699.2,101587,105474.8,109362.6,113250.4,117138.2,121026,115.6,112.3,109,105.7,102.4,99.1,95.8,92.5,89.2,85.9,82.6
"Joplin, MO MSA",157322,159141.6,160961.2,162780.8,164600.4,166420,168239.6,170059.2,171878.8,173698.4,175518,124.3,125.76,127.22,128.68,130.14,131.6,133.06,134.52,135.98,137.44,138.9
"Kalamazoo--Battle Creek, MI MSA",452851,440224.8,427598.6,414972.4,402346.2,389720,377093.8,364467.6,351841.4,339215.2,326589,240.7,244.56,248.42,252.28,256.14,260,263.86,267.72,271.58,275.44,279.3
"Kankakee, IL PMSA",103833,104794.6,105756.2,106717.8,107679.4,108641,109602.6,110564.2,111525.8,112487.4,113449,153.4,154.83,156.26,157.69,159.12,160.55,161.98,163.41,164.84,166.27,167.7
"Kansas City, MO--KS MSA",1776062,1801989.2,1827916.4,1853843.6,1879770.8,1905698,1931625.2,1957552.4,1983479.6,2009406.8,2035334,328.5,321.65,314.8,307.95,301.1,294.25,287.4,280.55,273.7,266.85,260
"Kenosha, WI PMSA",149577,134619.3,119661.6,104703.9,89746.2,74788.5,59830.8,44873.1,29915.4,14957.7,,548.2,493.38,438.56,383.74,328.92,274.1,219.28,164.46,109.64,54.82,
"Killeen--Temple, TX MSA",312952,322186.8,331421.6,340656.4,349891.2,359126,368360.8,377595.6,386830.4,396065.2,405300,148.2,147.77,147.34,146.91,146.48,146.05,145.62,145.19,144.76,144.33,143.9
"Knoxville, TN MSA",687249,688327.1,689405.2,690483.3,691561.4,692639.5,693717.6,694795.7,695873.8,696951.9,698030,280.6,290.13,299.66,309.19,318.72,328.25,337.78,347.31,356.84,366.37,375.9
"Kokomo, IN MSA",101541,101255.7,100970.4,100685.1,100399.8,100114.5,99829.2,99543.9,99258.6,98973.3,98688,183.5,182.98,182.46,181.94,181.42,180.9,180.38,179.86,179.34,178.82,178.3
"La Crosse, WI--MN MSA",126838,127520.7,128203.4,128886.1,129568.8,130251.5,130934.2,131616.9,132299.6,132982.3,133665,125.4,126.18,126.96,127.74,128.52,129.3,130.08,130.86,131.64,132.42,133.2
"Lafayette, IN MSA",182821,184717.8,186614.6,188511.4,190408.2,192305,194201.8,196098.6,197995.4,199892.2,201789,202,197.58,193.16,188.74,184.32,179.9,175.48,171.06,166.64,162.22,157.8
"Lafayette, LA MSA",385647,374456.1,363265.2,352074.3,340883.4,329692.5,318501.6,307310.7,296119.8,284928.9,273738,148.7,161.03,173.36,185.69,198.02,210.35,222.68,235.01,247.34,259.67,272
"Lake Charles, LA MSA",183577,185180,186783,188386,189989,191592,193195,194798,196401,198004,199607,171.4,162.76,154.12,145.48,136.84,128.2,119.56,110.92,102.28,93.64,85
"Lakeland--Winter Haven, FL MSA",483924,495741.1,507558.2,519375.3,531192.4,543009.5,554826.6,566643.7,578460.8,590277.9,602095,258.2,265.87,273.54,281.21,288.88,296.55,304.22,311.89,319.56,327.23,334.9
"Lancaster, PA MSA",470658,475536.7,480415.4,485294.1,490172.8,495051.5,499930.2,504808.9,509687.6,514566.3,519445,495.9,501.35,506.8,512.25,517.7,523.15,528.6,534.05,539.5,544.95,550.4
"Lansing--East Lansing, MI MSA",447728,449358.8,450989.6,452620.4,454251.2,455882,457512.8,459143.6,460774.4,462405.2,464036,262.3,263.4,264.5,265.6,266.7,267.8,268.9,270,271.1,272.2,273.3
"Laredo, TX MSA",193117,198835.7,204554.4,210273.1,215991.8,221710.5,227429.2,233147.9,238866.6,244585.3,250304,57.5,59.2,60.9,62.6,64.3,66,67.7,69.4,71.1,72.8,74.5
"Las Cruces, NM MSA",174682,178137.1,181592.2,185047.3,188502.4,191957.5,195412.6,198867.7,202322.8,205777.9,209233,45.9,46.81,47.72,48.63,49.54,50.45,51.36,52.27,53.18,54.09,55
"Las Vegas, NV--AZ MSA",1563282,1602080.7,1640879.4,1679678.1,1718476.8,1757275.5,1796074.2,1834872.9,1873671.6,1912470.3,1951269,39.7,60.46,81.22,101.98,122.74,143.5,164.26,185.02,205.78,226.54,247.3
"Lawrence, KS MSA",99962,101048.4,102134.8,103221.2,104307.6,105394,106480.4,107566.8,108653.2,109739.6,110826,218.8,221.23,223.66,226.09,228.52,230.95,233.38,235.81,238.24,240.67,243.1
"Lawrence, MA--NH PMSA",396230,356607,316984,277361,237738,198115,158492,118869,79246,39623,,905.5,814.95,724.4,633.85,543.3,452.75,362.2,271.65,181.1,90.55,
"Lawton, OK MSA",114996,115906.2,116816.4,117726.6,118636.8,119547,120457.2,121367.4,122277.6,123187.8,124098,107.5,108.36,109.22,110.08,110.94,111.8,112.66,113.52,114.38,115.24,116.1
"Lewiston--Auburn, ME MSA",90830,92517.2,94204.4,95891.6,97578.8,99266,100953.2,102640.4,104327.6,106014.8,107702,298.2,291.4,284.6,277.8,271,264.2,257.4,250.6,243.8,237,230.2
"Lexington, KY MSA",479198,478488.1,477778.2,477068.3,476358.4,475648.5,474938.6,474228.7,473518.8,472808.9,472099,249.7,256.88,264.06,271.24,278.42,285.6,292.78,299.96,307.14,314.32,321.5
"Lima, OH MSA",155084,150208.7,145333.4,140458.1,135582.8,130707.5,125832.2,120956.9,116081.6,111206.3,106331,192.5,199.67,206.84,214.01,221.18,228.35,235.52,242.69,249.86,257.03,264.2
"Lincoln, NE MSA",250291,255477.6,260664.2,265850.8,271037.4,276224,281410.6,286597.2,291783.8,296970.4,302157,298.4,290.01,281.62,273.23,264.84,256.45,248.06,239.67,231.28,222.89,214.5
"Little Rock--North Little Rock, AR MSA",583845,595436.2,607027.4,618618.6,630209.8,641801,653392.2,664983.4,676574.6,688165.8,699757,200.8,197.85,194.9,191.95,189,186.05,183.1,180.15,177.2,174.25,171.3
"Longview--Marshall, TX MSA",208780,209338.9,209897.8,210456.7,211015.6,211574.5,212133.4,212692.3,213251.2,213810.1,214369,118.6,118.78,118.96,119.14,119.32,119.5,119.68,119.86,120.04,120.22,120.4
"Los Angeles--Long Beach, CA PMSA",9519338,9850287.9,10181237.8,10512187.7,10843137.6,11174087.5,11505037.4,11835987.3,12166937.2,12497887.1,12828837,2344.2,2374.38,2404.56,2434.74,2464.92,2495.1,2525.28,2555.46,2585.64,2615.82,2646
"Los Angeles--Riverside--Orange County, CA CMSA",16373645,14736280.5,13098916,11461551.5,9824187,8186822.5,6549458,4912093.5,3274729,1637364.5,,482.2,433.98,385.76,337.54,289.32,241.1,192.88,144.66,96.44,48.22,
"Louisville, KY--IN MSA",1025598,1051394.8,1077191.6,1102988.4,1128785.2,1154582,1180378.8,1206175.6,1231972.4,1257769.2,1283566,495,476.72,458.44,440.16,421.88,403.6,385.32,367.04,348.76,330.48,312.2
"Lowell, MA--NH PMSA",301686,271517.4,241348.8,211180.2,181011.6,150843,120674.4,90505.8,60337.2,30168.6,,1208.2,1087.38,966.56,845.74,724.92,604.1,483.28,362.46,241.64,120.82,
"Lubbock, TX MSA",242628,246854.2,251080.4,255306.6,259532.8,263759,267985.2,272211.4,276437.6,280663.8,284890,269.7,258.59,247.48,236.37,225.26,214.15,203.04,191.93,180.82,169.71,158.6
"Lynchburg, VA MSA",214911,218683.3,222455.6,226227.9,230000.2,233772.5,237544.8,241317.1,245089.4,248861.7,252634,120,119.91,119.82,119.73,119.64,119.55,119.46,119.37,119.28,119.19,119.1
"Macon, GA MSA",322549,313523.4,304497.8,295472.2,286446.6,277421,268395.4,259369.8,250344.2,241318.6,232293,210.6,203.02,195.44,187.86,180.28,172.7,165.12,157.54,149.96,142.38,134.8
"Madison, WI MSA",426526,440732.7,454939.4,469146.1,483352.8,497559.5,511766.2,525972.9,540179.6,554386.3,568593,354.9,340.27,325.64,311.01,296.38,281.75,267.12,252.49,237.86,223.23,208.6
"Manchester, NH PMSA",198378,218612.3,238846.6,259080.9,279315.2,299549.5,319783.8,340018.1,360252.4,380486.7,400721,628.4,611.3,594.2,577.1,560,542.9,525.8,508.7,491.6,474.5,457.4
"Mansfield, OH MSA",175818,170683.7,165549.4,160415.1,155280.8,150146.5,145012.2,139877.9,134743.6,129609.3,124475,195.6,201.17,206.74,212.31,217.88,223.45,229.02,234.59,240.16,245.73,251.3
"Mayagüez, PR MSA",253347,238645.3,223943.6,209241.9,194540.2,179838.5,165136.8,150435.1,135733.4,121031.7,106330,876.7,908.52,940.34,972.16,1003.98,1035.8,1067.62,1099.44,1131.26,1163.08,1194.9
"McAllen--Edinburg--Mission, TX MSA",569463,589993.6,610524.2,631054.8,651585.4,672116,692646.6,713177.2,733707.8,754238.4,774769,362.8,375.84,388.88,401.92,414.96,428,441.04,454.08,467.12,480.16,493.2
"Medford--Ashland, OR MSA",181269,183462.7,185656.4,187850.1,190043.8,192237.5,194431.2,196624.9,198818.6,201012.3,203206,65.1,58.59,52.08,45.57,39.06,32.55,26.04,19.53,13.02,6.51,
"Melbourne--Titusville--Palm Bay, FL MSA",476230,428607,380984,333361,285738,238115,190492,142869,95246,47623,,467.7,420.93,374.16,327.39,280.62,233.85,187.08,140.31,93.54,46.77,
"Memphis, TN--AR--MS MSA",1135614,1153662.6,1171711.2,1189759.8,1207808.4,1225857,1243905.6,1261954.2,1280002.8,1298051.4,1316100,377.7,368.68,359.66,350.64,341.62,332.6,323.58,314.56,305.54,296.52,287.5
"Merced, CA MSA",210554,215077.9,219601.8,224125.7,228649.6,233173.5,237697.4,242221.3,246745.2,251269.1,255793,109.2,111.5,113.8,116.1,118.4,120.7,123,125.3,127.6,129.9,132.2
"Miami, FL PMSA",2253362,2028025.8,1802689.6,1577353.4,1352017.2,1126681,901344.8,676008.6,450672.4,225336.2,,1157.9,1042.11,926.32,810.53,694.74,578.95,463.16,347.37,231.58,115.79,
"Miami--Fort Lauderdale, FL CMSA",3876380,4045205.5,4214031,4382856.5,4551682,4720507.5,4889333,5058158.5,5226984,5395809.5,5564635,1230,1216.6,1203.2,1189.8,1176.4,1163,1149.6,1136.2,1122.8,1109.4,1096
"Middlesex--Somerset--Hunterdon, NJ PMSA",1169641,1052676.9,935712.8,818748.7,701784.6,584820.5,467856.4,350892.3,233928.2,116964.1,,1120,1008,896,784,672,560,448,336,224,112,
"Milwaukee--Racine, WI CMSA",1689572,1520614.8,1351657.6,1182700.4,1013743.2,844786,675828.8,506871.6,337914.4,168957.2,,942.3,848.07,753.84,659.61,565.38,471.15,376.92,282.69,188.46,94.23,
"Milwaukee--Waukesha, WI PMSA",1500741,1506257.7,1511774.4,1517291.1,1522807.8,1528324.5,1533841.2,1539357.9,1544874.6,1550391.3,1555908,1028,1032.15,1036.3,1040.45,1044.6,1048.75,1052.9,1057.05,1061.2,1065.35,1069.5
"Minneapolis--St. Paul, MN--WI MSA",2968806,2999908.7,3031011.4,3062114.1,3093216.8,3124319.5,3155422.2,3186524.9,3217627.6,3248730.3,3279833,489.7,495.15,500.6,506.05,511.5,516.95,522.4,527.85,533.3,538.75,544.2
"Missoula, MT MSA",95802,97151.7,98501.4,99851.1,101200.8,102550.5,103900.2,105249.9,106599.6,107949.3,109299,36.9,37.42,37.94,38.46,38.98,39.5,40.02,40.54,41.06,41.58,42.1
"Mobile, AL MSA",540258,527531.4,514804.8,502078.2,489351.6,476625,463898.4,451171.8,438445.2,425718.6,412992,190.9,205.4,219.9,234.4,248.9,263.4,277.9,292.4,306.9,321.4,335.9
"Modesto, CA MSA",446997,453742.6,460488.2,467233.8,473979.4,480725,487470.6,494216.2,500961.8,507707.4,514453,299.2,303.7,308.2,312.7,317.2,321.7,326.2,330.7,335.2,339.7,344.2
"Monmouth--Ocean, NJ PMSA",1126217,1013595.3,900973.6,788351.9,675730.2,563108.5,450486.8,337865.1,225243.4,112621.7,,1016.2,914.58,812.96,711.34,609.72,508.1,406.48,304.86,203.24,101.62,
"Monroe, LA MSA",147250,150169.1,153088.2,156007.3,158926.4,161845.5,164764.6,167683.7,170602.8,173521.9,176441,241.2,228.94,216.68,204.42,192.16,179.9,167.64,155.38,143.12,130.86,118.6
"Montgomery, AL MSA",333055,337203.1,341351.2,345499.3,349647.4,353795.5,357943.6,362091.7,366239.8,370387.9,374536,165.9,163.11,160.32,157.53,154.74,151.95,149.16,146.37,143.58,140.79,138
"Muncie, IN MSA",118769,118659.2,118549.4,118439.6,118329.8,118220,118110.2,118000.4,117890.6,117780.8,117671,302,301.81,301.62,301.43,301.24,301.05,300.86,300.67,300.48,300.29,300.1
"Myrtle Beach, SC MSA",196629,203895.2,211161.4,218427.6,225693.8,232960,240226.2,247492.4,254758.6,262024.8,269291,173.4,179.81,186.22,192.63,199.04,205.45,211.86,218.27,224.68,231.09,237.5
"Naples, FL MSA",251377,258391.3,265405.6,272419.9,279434.2,286448.5,293462.8,300477.1,307491.4,314505.7,321520,124.1,127.78,131.46,135.14,138.82,142.5,146.18,149.86,153.54,157.22,160.9
"Nashua, NH PMSA",190949,171854.1,152759.2,133664.3,114569.4,95474.5,76379.6,57284.7,38189.8,19094.9,,589.8,530.82,471.84,412.86,353.88,294.9,235.92,176.94,117.96,58.98,
"Nashville, TN MSA",1231311,1267173.3,1303035.6,1338897.9,1374760.2,1410622.5,1446484.8,1482347.1,1518209.4,1554071.7,1589934,302.3,300.02,297.74,295.46,293.18,290.9,288.62,286.34,284.06,281.78,279.5
"Nassau--Suffolk, NY PMSA",2753913,2478521.7,2203130.4,1927739.1,1652347.8,1376956.5,1101565.2,826173.9,550782.6,275391.3,,2297.1,2067.39,1837.68,1607.97,1378.26,1148.55,918.84,689.13,459.42,229.71,
"New Bedford, MA PMSA",175198,157678.2,140158.4,122638.6,105118.8,87599,70079.2,52559.4,35039.6,17519.8,,817.9,736.11,654.32,572.53,490.74,408.95,327.16,245.37,163.58,81.79,
"New Haven--Meriden, CT PMSA",542149,487934.1,433719.2,379504.3,325289.4,271074.5,216859.6,162644.7,108429.8,54214.9,,1261,1134.9,1008.8,882.7,756.6,630.5,504.4,378.3,252.2,126.1,
"New London--Norwich, CT--RI MSA",293566,291614.9,289663.8,287712.7,285761.6,283810.5,281859.4,279908.3,277957.2,276006.1,274055,443.3,398.97,354.64,310.31,265.98,221.65,177.32,132.99,88.66,44.33,
"New Orleans, LA MSA",1337726,1320729.8,1303733.6,1286737.4,1269741.2,1252745,1235748.8,1218752.6,1201756.4,1184760.2,1167764,393.5,393.6,393.7,393.8,393.9,394,394.1,394.2,394.3,394.4,394.5
"New York, NY PMSA",9314235,8382811.5,7451388,6519964.5,5588541,4657117.5,3725694,2794270.5,1862847,931423.5,,8158.7,7342.83,6526.96,5711.09,4895.22,4079.35,3263.48,2447.61,1631.74,815.87,
"New York--Northern New Jersey--Long Island, NY--NJ--CT--PA CMSA",21199865,20969589.4,20739313.8,20509038.2,20278762.6,20048487,19818211.4,19587935.8,19357660.2,19127384.6,18897109,2028.7,2108.43,2188.16,2267.89,2347.62,2427.35,2507.08,2586.81,2666.54,2746.27,2826
"Newark, NJ PMSA",2032989,1829690.1,1626391.2,1423092.3,1219793.4,1016494.5,813195.6,609896.7,406597.8,203298.9,,1288.6,1159.74,1030.88,902.02,773.16,644.3,515.44,386.58,257.72,128.86,
"Newburgh, NY--PA PMSA",387669,348902.1,310135.2,271368.3,232601.4,193834.5,155067.6,116300.7,77533.8,38766.9,,284.4,255.96,227.52,199.08,170.64,142.2,113.76,85.32,56.88,28.44,
"Norfolk--Virginia Beach--Newport News, VA--NC MSA",1569541,1412586.9,1255632.8,1098678.7,941724.6,784770.5,627816.4,470862.3,313908.2,156954.1,,668.3,601.47,534.64,467.81,400.98,334.15,267.32,200.49,133.66,66.83,
"Oakland, CA PMSA",2392557,2153301.3,1914045.6,1674789.9,1435534.2,1196278.5,957022.8,717767.1,478511.4,239255.7,,1641.5,1477.35,1313.2,1149.05,984.9,820.75,656.6,492.45,328.3,164.15,
"Ocala, FL MSA",258916,266154.2,273392.4,280630.6,287868.8,295107,302345.2,309583.4,316821.6,324059.8,331298,164,168.51,173.02,177.53,182.04,186.55,191.06,195.57,200.08,204.59,209.1
"Odessa--Midland, TX MSA",237132,227131.8,217131.6,207131.4,197131.2,187131,177130.8,167130.6,157130.4,147130.2,137130,131.6,133.72,135.84,137.96,140.08,142.2,144.32,146.44,148.56,150.68,152.8
"Oklahoma City, OK MSA",1083346,1100310.1,1117274.2,1134238.3,1151202.4,1168166.5,1185130.6,1202094.7,1219058.8,1236022.9,1252987,255.1,252.32,249.54,246.76,243.98,241.2,238.42,235.64,232.86,230.08,227.3
"Olympia, WA PMSA",207355,211845.9,216336.8,220827.7,225318.6,229809.5,234300.4,238791.3,243282.2,247773.1,252264,285.2,291.62,298.04,304.46,310.88,317.3,323.72,330.14,336.56,342.98,349.4
"Omaha, NE--IA MSA",716998,731833.2,746668.4,761503.6,776338.8,791174,806009.2,820844.4,835679.6,850514.8,865350,289.6,280.53,271.46,262.39,253.32,244.25,235.18,226.11,217.04,207.97,198.9
"Orange County, CA PMSA",2846289,2561660.1,2277031.2,1992402.3,1707773.4,1423144.5,1138515.6,853886.7,569257.8,284628.9,,3605.6,3245.04,2884.48,2523.92,2163.36,1802.8,1442.24,1081.68,721.12,360.56,
"Orlando, FL MSA",1644561,1693546,1742531,1791516,1840501,1889486,1938471,1987456,2036441,2085426,2134411,471.1,485.35,499.6,513.85,528.1,542.35,556.6,570.85,585.1,599.35,613.6
"Owensboro, KY MSA",91545,93865.7,96186.4,98507.1,100827.8,103148.5,105469.2,107789.9,110110.6,112431.3,114752,198,190.97,183.94,176.91,169.88,162.85,155.82,148.79,141.76,134.73,127.7
"Panama City, FL MSA",148217,150280.5,152344,154407.5,156471,158534.5,160598,162661.5,164725,166788.5,168852,194.1,196.95,199.8,202.65,205.5,208.35,211.2,214.05,216.9,219.75,222.6
"Parkersburg--Marietta, WV--OH MSA",151237,152318.9,153400.8,154482.7,155564.6,156646.5,157728.4,158810.3,159892.2,160974.1,162056,150.9,147.72,144.54,141.36,138.18,135,131.82,128.64,125.46,122.28,119.1
"Pensacola, FL MSA",412153,415836.8,419520.6,423204.4,426888.2,430572,434255.8,437939.6,441623.4,445307.2,448991,245.4,247.78,250.16,252.54,254.92,257.3,259.68,262.06,264.44,266.82,269.2
"Peoria--Pekin, IL MSA",347387,350566.9,353746.8,356926.7,360106.6,363286.5,366466.4,369646.3,372826.2,376006.1,379186,193.4,189.41,185.42,181.43,177.44,173.45,169.46,165.47,161.48,157.49,153.5
"Philadelphia, PA--NJ PMSA",5100931,4590837.9,4080744.8,3570651.7,3060558.6,2550465.5,2040372.4,1530279.3,1020186.2,510093.1,,1323.1,1190.79,1058.48,926.17,793.86,661.55,529.24,396.93,264.62,132.31,
"Philadelphia--Wilmington--Atlantic City, PA--NJ--DE--MD CMSA",6188463,6166151,6143839,6121527,6099215,6076903,6054591,6032279,6009967,5987655,5965343,1042.7,1068.05,1093.4,1118.75,1144.1,1169.45,1194.8,1220.15,1245.5,1270.85,1296.2
"Phoenix--Mesa, AZ MSA",3251876,3345977.1,3440078.2,3534179.3,3628280.4,3722381.5,3816482.6,3910583.7,4004684.8,4098785.9,4192887,223.1,229.58,236.06,242.54,249.02,255.5,261.98,268.46,274.94,281.42,287.9
"Pine Bluff, AR MSA",84278,85876,87474,89072,90670,92268,93866,95464,97062,98660,100258,95.2,90.62,86.04,81.46,76.88,72.3,67.72,63.14,58.56,53.98,49.4
"Pittsburgh, PA MSA",2358695,2358454,2358213,2357972,2357731,2357490,2357249,2357008,2356767,2356526,2356285,509.9,503.52,497.14,490.76,484.38,478,471.62,465.24,458.86,452.48,446.1
"Pittsfield, MA MSA",84699,89351,94003,98655,103307,107959,112611,117263,121915,126567,131219,336.4,316.92,297.44,277.96,258.48,239,219.52,200.04,180.56,161.08,141.6
"Pocatello, ID MSA",75565,77074.1,78583.2,80092.3,81601.4,83110.5,84619.6,86128.7,87637.8,89146.9,90656,67.9,64.71,61.52,58.33,55.14,51.95,48.76,45.57,42.38,39.19,36
"Ponce, PR MSA",361094,349299.3,337504.6,325709.9,313915.2,302120.5,290325.8,278531.1,266736.4,254941.7,243147,988.4,1004.97,1021.54,1038.11,1054.68,1071.25,1087.82,1104.39,1120.96,1137.53,1154.1
"Portland, ME MSA",243537,219183.3,194829.6,170475.9,146122.2,121768.5,97414.8,73061.1,48707.4,24353.7,,388.9,350.01,311.12,272.23,233.34,194.45,155.56,116.67,77.78,38.89,
"Portland--Salem, OR--WA CMSA",2265223,2038700.7,1812178.4,1585656.1,1359133.8,1132611.5,906089.2,679566.9,453044.6,226522.3,,325.8,293.22,260.64,228.06,195.48,162.9,130.32,97.74,65.16,32.58,
"Portland--Vancouver, OR--WA PMSA",1918009,1948809,1979609,2010409,2041209,2072009,2102809,2133609,2164409,2195209,2226009,381.5,376.65,371.8,366.95,362.1,357.25,352.4,347.55,342.7,337.85,333
"Portsmouth--Rochester, NH--ME PMSA",240698,216628.2,192558.4,168488.6,144418.8,120349,96279.2,72209.4,48139.6,24069.8,,383.5,345.15,306.8,268.45,230.1,191.75,153.4,115.05,76.7,38.35,
"Providence--Fall River--Warwick, RI--MA MSA",1188613,1229836.9,1271060.8,1312284.7,1353508.6,1394732.5,1435956.4,1477180.3,1518404.2,1559628.1,1600852,1041.5,1038.23,1034.96,1031.69,1028.42,1025.15,1021.88,1018.61,1015.34,1012.07,1008.8
"Provo--Orem, UT MSA",368536,384363.4,400190.8,416018.2,431845.6,447673,463500.4,479327.8,495155.2,510982.6,526810,184.4,175.72,167.04,158.36,149.68,141,132.32,123.64,114.96,106.28,97.6
"Pueblo, CO MSA",141472,143231.1,144990.2,146749.3,148508.4,150267.5,152026.6,153785.7,155544.8,157303.9,159063,59.2,59.95,60.7,61.45,62.2,62.95,63.7,64.45,65.2,65.95,66.7
"Punta Gorda, FL MSA",141627,143462.1,145297.2,147132.3,148967.4,150802.5,152637.6,154472.7,156307.8,158142.9,159978,204.2,207.3,210.4,213.5,216.6,219.7,222.8,225.9,229,232.1,235.2
"Racine, WI PMSA",188831,189488.7,190146.4,190804.1,191461.8,192119.5,192777.2,193434.9,194092.6,194750.3,195408,566.9,568.98,571.06,573.14,575.22,577.3,579.38,581.46,583.54,585.62,587.7
"Raleigh--Durham--Chapel Hill, NC MSA",1187941,1182195.9,1176450.8,1170705.7,1164960.6,1159215.5,1153470.4,1147725.3,1141980.2,1136235.1,1130490,340.5,359.82,379.14,398.46,417.78,437.1,456.42,475.74,495.06,514.38,533.7
"Rapid City, SD MSA",88565,92346.7,96128.4,99910.1,103691.8,107473.5,111255.2,115036.9,118818.6,122600.3,126382,31.9,30.73,29.56,28.39,27.22,26.05,24.88,23.71,22.54,21.37,20.2
"Reading, PA MSA",373638,377418.4,381198.8,384979.2,388759.6,392540,396320.4,400100.8,403881.2,407661.6,411442,435,439.54,444.08,448.62,453.16,457.7,462.24,466.78,471.32,475.86,480.4
"Redding, CA MSA",163256,164652.7,166049.4,167446.1,168842.8,170239.5,171636.2,173032.9,174429.6,175826.3,177223,43.1,43.48,43.86,44.24,44.62,45,45.38,45.76,46.14,46.52,46.9
"Reno, NV MSA",339486,348079.1,356672.2,365265.3,373858.4,382451.5,391044.6,399637.7,408230.8,416823.9,425417,53.5,54.63,55.76,56.89,58.02,59.15,60.28,61.41,62.54,63.67,64.8
"Richland--Kennewick--Pasco, WA MSA",191822,172639.8,153457.6,134275.4,115093.2,95911,76728.8,57546.6,38364.4,19182.2,,65.1,58.59,52.08,45.57,39.06,32.55,26.04,19.53,13.02,6.51,
"Richmond--Petersburg, VA MSA",996512,1022685.9,1048859.8,1075033.7,1101207.6,1127381.5,1153555.4,1179729.3,1205903.2,1232077.1,1258251,338.4,326.69,314.98,303.27,291.56,279.85,268.14,256.43,244.72,233.01,221.3
"Riverside--San Bernardino, CA PMSA",3254821,3351824,3448827,3545830,3642833,3739836,3836839,3933842,4030845,4127848,4224851,119.4,122.96,126.52,130.08,133.64,137.2,140.76,144.32,147.88,151.44,155
"Roanoke, VA MSA",235932,243209.5,250487,257764.5,265042,272319.5,279597,286874.5,294152,301429.5,308707,277.2,266,254.8,243.6,232.4,221.2,210,198.8,187.6,176.4,165.2
"Rochester, MN MSA",124277,130450.4,136623.8,142797.2,148970.6,155144,161317.4,167490.8,173664.2,179837.6,186011,190.3,182.78,175.26,167.74,160.22,152.7,145.18,137.66,130.14,122.62,115.1
"Rochester, NY MSA",1098201,1093813.2,1089425.4,1085037.6,1080649.8,1076262,1071874.2,1067486.4,1063098.6,1058710.8,1054323,320.6,324.55,328.5,332.45,336.4,340.35,344.3,348.25,352.2,356.15,360.1
"Rockford, IL MSA",371236,369055.5,366875,364694.5,362514,360333.5,358153,355972.5,353792,351611.5,349431,238.9,259.01,279.12,299.23,319.34,339.45,359.56,379.67,399.78,419.89,440
"Rocky Mount, NC MSA",143026,143962.6,144899.2,145835.8,146772.4,147709,148645.6,149582.2,150518.8,151455.4,152392,136.8,137.69,138.58,139.47,140.36,141.25,142.14,143.03,143.92,144.81,145.7
"Sacramento, CA PMSA",1628197,1465377.3,1302557.6,1139737.9,976918.2,814098.5,651278.8,488459.1,325639.4,162819.7,,399,359.1,319.2,279.3,239.4,199.5,159.6,119.7,79.8,39.9,
"Sacramento--Yolo, CA CMSA",1796857,1832084,1867311,1902538,1937765,1972992,2008219,2043446,2078673,2113900,2149127,352.7,359.62,366.54,373.46,380.38,387.3,394.22,401.14,408.06,414.98,421.9
"Saginaw--Bay City--Midland, MI MSA",403070,382779.9,362489.8,342199.7,321909.6,301619.5,281329.4,261039.3,240749.2,220459.1,200169,227.2,229.5,231.8,234.1,236.4,238.7,241,243.3,245.6,247.9,250.2
"Salem, OR PMSA",347214,351566.4,355918.8,360271.2,364623.6,368976,373328.4,377680.8,382033.2,386385.6,390738,180.4,182.68,184.96,187.24,189.52,191.8,194.08,196.36,198.64,200.92,203.2
"Salinas, CA MSA",401762,403091.5,404421,405750.5,407080,408409.5,409739,411068.5,412398,413727.5,415057,120.9,121.46,122.02,122.58,123.14,123.7,124.26,124.82,125.38,125.94,126.5
"Salt Lake City--Ogden, UT MSA",1333914,1312942.3,1291970.6,1270998.9,1250027.2,1229055.5,1208083.8,1187112.1,1166140.4,1145168.7,1124197,824.7,754,683.3,612.6,541.9,471.2,400.5,329.8,259.1,188.4,117.7
"San Angelo, TX MSA",104010,104791.3,105572.6,106353.9,107135.2,107916.5,108697.8,109479.1,110260.4,111041.7,111823,68.3,65.82,63.34,60.86,58.38,55.9,53.42,50.94,48.46,45.98,43.5
"San Antonio, TX MSA",1592383,1647395.5,1702408,1757420.5,1812433,1867445.5,1922458,1977470.5,2032483,2087495.5,2142508,478.7,460.13,441.56,422.99,404.42,385.85,367.28,348.71,330.14,311.57,293
"San Diego, CA MSA",2813833,2841981,2870129,2898277,2926425,2954573,2982721,3010869,3039017,3067165,3095313,670,676.58,683.16,689.74,696.32,702.9,709.48,716.06,722.64,729.22,735.8
"San Francisco, CA PMSA",1731183,1558064.7,1384946.4,1211828.1,1038709.8,865591.5,692473.2,519354.9,346236.6,173118.3,,1704.7,1534.23,1363.76,1193.29,1022.82,852.35,681.88,511.41,340.94,170.47,
"San Francisco--Oakland--San Jose, CA CMSA",7039362,6335425.8,5631489.6,4927553.4,4223617.2,3519681,2815744.8,2111808.6,1407872.4,703936.2,,955.4,859.86,764.32,668.78,573.24,477.7,382.16,286.62,191.08,95.54,
"San Jose, CA PMSA",1682585,1698017.6,1713450.2,1728882.8,1744315.4,1759748,1775180.6,1790613.2,1806045.8,1821478.4,1836911,1303.6,1241.81,1180.02,1118.23,1056.44,994.65,932.86,871.07,809.28,747.49,685.7
"San Juan--Bayamón, PR PMSA",1967627,1770864.3,1574101.6,1377338.9,1180576.2,983813.5,787050.8,590288.1,393525.4,196762.7,,1979.2,1781.28,1583.36,1385.44,1187.52,989.6,791.68,593.76,395.84,197.92,
"San Juan--Caguas--Arecibo, PR CMSA",2450292,2453153.3,2456014.6,2458875.9,2461737.2,2464598.5,2467459.8,2470321.1,2473182.4,2476043.7,2478905,1706.4,1691.67,1676.94,1662.21,1647.48,1632.75,1618.02,1603.29,1588.56,1573.83,1559.1
"San Luis Obispo--Atascadero--Paso Robles, CA MSA",246681,248976.6,251272.2,253567.8,255863.4,258159,260454.6,262750.2,265045.8,267341.4,269637,74.7,75.4,76.1,76.8,77.5,78.2,78.9,79.6,80.3,81,81.7
"Santa Barbara--Santa Maria--Lompoc, CA MSA",399347,401801.8,404256.6,406711.4,409166.2,411621,414075.8,416530.6,418985.4,421440.2,423895,145.9,146.81,147.72,148.63,149.54,150.45,151.36,152.27,153.18,154.09,155
"Santa Cruz--Watsonville, CA PMSA",255602,256280,256958,257636,258314,258992,259670,260348,261026,261704,262382,574.1,575.63,577.16,578.69,580.22,581.75,583.28,584.81,586.34,587.87,589.4
"Santa Fe, NM MSA",147635,147288.5,146942,146595.5,146249,145902.5,145556,145209.5,144863,144516.5,144170,73.1,73.34,73.58,73.82,74.06,74.3,74.54,74.78,75.02,75.26,75.5
"Santa Rosa, CA PMSA",458614,461140.4,463666.8,466193.2,468719.6,471246,473772.4,476298.8,478825.2,481351.6,483878,291,292.61,294.22,295.83,297.44,299.05,300.66,302.27,303.88,305.49,307.1
"Sarasota--Bradenton, FL MSA",589959,530963.1,471967.2,412971.3,353975.4,294979.5,235983.6,176987.7,117991.8,58995.9,,449.5,404.55,359.6,314.65,269.7,224.75,179.8,134.85,89.9,44.95,
"Savannah, GA MSA",293000,298461.1,303922.2,309383.3,314844.4,320305.5,325766.6,331227.7,336688.8,342149.9,347611,215.6,219.98,224.36,228.74,233.12,237.5,241.88,246.26,250.64,255.02,259.4
"Scranton--Wilkes-Barre--Hazleton, PA MSA",624776,618661.5,612547,606432.5,600318,594203.5,588089,581974.5,575860,569745.5,563631,279.9,284.18,288.46,292.74,297.02,301.3,305.58,309.86,314.14,318.42,322.7
"Seattle--Bellevue--Everett, WA PMSA",2414616,2517135.3,2619654.6,2722173.9,2824693.2,2927212.5,3029731.8,3132251.1,3234770.4,3337289.7,3439809,545.9,549.89,553.88,557.87,561.86,565.85,569.84,573.83,577.82,581.81,585.8
"Seattle--Tacoma--Bremerton, WA CMSA",3554760,3199284,2843808,2488332,2132856,1777380,1421904,1066428,710952,355476,,492,442.8,393.6,344.4,295.2,246,196.8,147.6,98.4,49.2,
"Sharon, PA MSA",120293,108263.7,96234.4,84205.1,72175.8,60146.5,48117.2,36087.9,24058.6,12029.3,,179.1,161.19,143.28,125.37,107.46,89.55,71.64,53.73,35.82,17.91,
"Sheboygan, WI MSA",112646,112932.1,113218.2,113504.3,113790.4,114076.5,114362.6,114648.7,114934.8,115220.9,115507,219.3,219.96,220.62,221.28,221.94,222.6,223.26,223.92,224.58,225.24,225.9
"Sherman--Denison, TX MSA",110595,111623.2,112651.4,113679.6,114707.8,115736,116764.2,117792.4,118820.6,119848.8,120877,118.5,119.61,120.72,121.83,122.94,124.05,125.16,126.27,127.38,128.49,129.6
"Shreveport--Bossier City, LA MSA",392302,392932.2,393562.4,394192.6,394822.8,395453,396083.2,396713.4,397343.6,397973.8,398604,169.4,167.83,166.26,164.69,163.12,161.55,159.98,158.41,156.84,155.27,153.7
"Sioux City, IA--NE MSA",124130,126074.7,128019.4,129964.1,131908.8,133853.5,135798.2,137742.9,139687.6,141632.3,143577,109.2,105.2,101.2,97.2,93.2,89.2,85.2,81.2,77.2,73.2,69.2
"Sioux Falls, SD MSA",172412,177996.9,183581.8,189166.7,194751.6,200336.5,205921.4,211506.3,217091.2,222676.1,228261,124.2,120.64,117.08,113.52,109.96,106.4,102.84,99.28,95.72,92.16,88.6
"South Bend, IN MSA",265559,270925.5,276292,281658.5,287025,292391.5,297758,303124.5,308491,313857.5,319224,580.7,556.31,531.92,507.53,483.14,458.75,434.36,409.97,385.58,361.19,336.8
"Spokane, WA MSA",417939,423267.2,428595.4,433923.6,439251.8,444580,449908.2,455236.4,460564.6,465892.8,471221,237,240.02,243.04,246.06,249.08,252.1,255.12,258.14,261.16,264.18,267.2
"Springfield, IL MSA",201437,202310.3,203183.6,204056.9,204930.2,205803.5,206676.8,207550.1,208423.4,209296.7,210170,170.4,171.13,171.86,172.59,173.32,174.05,174.78,175.51,176.24,176.97,177.7
"Springfield, MA MSA",591932,602033,612134,622235,632336,642437,652538,662639,672740,682841,692942,804.7,761.81,718.92,676.03,633.14,590.25,547.36,504.47,461.58,418.69,375.8
"Springfield, MO MSA",325721,336820.1,347919.2,359018.3,370117.4,381216.5,392315.6,403414.7,414513.8,425612.9,436712,177.8,174.54,171.28,168.02,164.76,161.5,158.24,154.98,151.72,148.46,145.2
"St. Cloud, MN MSA",167392,169562.1,171732.2,173902.3,176072.4,178242.5,180412.6,182582.7,184752.8,186922.9,189093,95.5,96.75,98,99.25,100.5,101.75,103,104.25,105.5,106.75,108
"St. Joseph, MO MSA",102490,104973.9,107457.8,109941.7,112425.6,114909.5,117393.4,119877.3,122361.2,124845.1,127329,121.3,116.86,112.42,107.98,103.54,99.1,94.66,90.22,85.78,81.34,76.9
"St. Louis, MO--IL MSA",2603607,2624535.9,2645464.8,2666393.7,2687322.6,2708251.5,2729180.4,2750109.3,2771038.2,2791967.1,2812896,407.3,399.19,391.08,382.97,374.86,366.75,358.64,350.53,342.42,334.31,326.2
"Stamford--Norwalk, CT PMSA",353556,318200.4,282844.8,247489.2,212133.6,176778,141422.4,106066.8,70711.2,35355.6,,1682.7,1514.43,1346.16,1177.89,1009.62,841.35,673.08,504.81,336.54,168.27,
"State College, PA MSA",135758,137581.2,139404.4,141227.6,143050.8,144874,146697.2,148520.4,150343.6,152166.8,153990,122.6,124.21,125.82,127.43,129.04,130.65,132.26,133.87,135.48,137.09,138.7
"Steubenville--Weirton, OH--WV MSA",132008,131252.6,130497.2,129741.8,128986.4,128231,127475.6,126720.2,125964.8,125209.4,124454,227.1,225.84,224.58,223.32,222.06,220.8,219.54,218.28,217.02,215.76,214.5
"Stockton--Lodi, CA MSA",563598,575768.8,587939.6,600110.4,612281.2,624452,636622.8,648793.6,660964.4,673135.2,685306,402.8,411.78,420.76,429.74,438.72,447.7,456.68,465.66,474.64,483.62,492.6
"Sumter, SC MSA",104646,104927,105208,105489,105770,106051,106332,106613,106894,107175,107456,157.3,157.73,158.16,158.59,159.02,159.45,159.88,160.31,160.74,161.17,161.6
"Syracuse, NY MSA",732117,725163,718209,711255,704301,697347,690393,683439,676485,669531,662577,237.5,241.53,245.56,249.59,253.62,257.65,261.68,265.71,269.74,273.77,277.8
"Tacoma, WA PMSA",700820,630738,560656,490574,420492,350410,280328,210246,140164,70082,,417.4,375.66,333.92,292.18,250.44,208.7,166.96,125.22,83.48,41.74,
"Tallahassee, FL MSA",284539,292826.4,301113.8,309401.2,317688.6,325976,334263.4,342550.8,350838.2,359125.6,367413,240.5,231.84,223.18,214.52,205.86,197.2,188.54,179.88,171.22,162.56,153.9
"Tampa--St. Petersburg--Clearwater, FL MSA",2395997,2434721.6,2473446.2,2512170.8,2550895.4,2589620,2628344.6,2667069.2,2705793.8,2744518.4,2783243,938.1,955.02,971.94,988.86,1005.78,1022.7,1039.62,1056.54,1073.46,1090.38,1107.3
"Terre Haute, IN MSA",149192,151515.3,153838.6,156161.9,158485.2,160808.5,163131.8,165455.1,167778.4,170101.7,172425,146.6,143.71,140.82,137.93,135.04,132.15,129.26,126.37,123.48,120.59,117.7
"Texarkana, TX--Texarkana, AR MSA",129749,130376.8,131004.6,131632.4,132260.2,132888,133515.8,134143.6,134771.4,135399.2,136027,85.8,86.22,86.64,87.06,87.48,87.9,88.32,88.74,89.16,89.58,90
"Toledo, OH MSA",618203,621525.6,624848.2,628170.8,631493.4,634816,638138.6,641461.2,644783.8,648106.4,651429,453,447.95,442.9,437.85,432.8,427.75,422.7,417.65,412.6,407.55,402.5
"Topeka, KS MSA",169871,176270.9,182670.8,189070.7,195470.6,201870.5,208270.4,214670.3,221070.2,227470.1,233870,309,285.33,261.66,237.99,214.32,190.65,166.98,143.31,119.64,95.97,72.3
"Trenton, NJ PMSA",350761,352336.2,353911.4,355486.6,357061.8,358637,360212.2,361787.4,363362.6,364937.8,366513,1552.5,1560.47,1568.44,1576.41,1584.38,1592.35,1600.32,1608.29,1616.26,1624.23,1632.2
"Tucson, AZ MSA",843746,857397.7,871049.4,884701.1,898352.8,912004.5,925656.2,939307.9,952959.6,966611.3,980263,91.8,93.29,94.78,96.27,97.76,99.25,100.74,102.23,103.72,105.21,106.7
"Tulsa, OK MSA",803235,816659.3,830083.6,843507.9,856932.2,870356.5,883780.8,897205.1,910629.4,924053.7,937478,160.2,159.13,158.06,156.99,155.92,154.85,153.78,152.71,151.64,150.57,149.5
"Tuscaloosa, AL MSA",164875,170333.6,175792.2,181250.8,186709.4,192168,197626.6,203085.2,208543.8,214002.4,219461,124.5,120.45,116.4,112.35,108.3,104.25,100.2,96.15,92.1,88.05,84
"Tyler, TX MSA",174706,178206.8,181707.6,185208.4,188709.2,192210,195710.8,199211.6,202712.4,206213.2,209714,188.2,192.14,196.08,200.02,203.96,207.9,211.84,215.78,219.72,223.66,227.6
"Utica--Rome, NY MSA",299896,299846.1,299796.2,299746.3,299696.4,299646.5,299596.6,299546.7,299496.8,299446.9,299397,114.3,114.28,114.26,114.24,114.22,114.2,114.18,114.16,114.14,114.12,114.1
"Vallejo--Fairfield--Napa, CA PMSA",518821,508273.3,497725.6,487177.9,476630.2,466082.5,455534.8,444987.1,434439.4,423891.7,413344,327.8,345.32,362.84,380.36,397.88,415.4,432.92,450.44,467.96,485.48,503
"Ventura, CA PMSA",753197,677877.3,602557.6,527237.9,451918.2,376598.5,301278.8,225959.1,150639.4,75319.7,,408.2,367.38,326.56,285.74,244.92,204.1,163.28,122.46,81.64,40.82,
"Victoria, TX MSA",84088,87217.6,90347.2,93476.8,96606.4,99736,102865.6,105995.2,109124.8,112254.4,115384,95.3,90.92,86.54,82.16,77.78,73.4,69.02,64.64,60.26,55.88,51.5
"Vineland--Millville--Bridgeton, NJ PMSA",146438,147484,148530,149576,150622,151668,152714,153760,154806,155852,156898,299.3,301.81,304.32,306.83,309.34,311.85,314.36,316.87,319.38,321.89,324.4
"Visalia--Tulare--Porterville, CA MSA",368021,375436.8,382852.6,390268.4,397684.2,405100,412515.8,419931.6,427347.4,434763.2,442179,76.3,77.84,79.38,80.92,82.46,84,85.54,87.08,88.62,90.16,91.7
"Waco, TX MSA",213517,215655.9,217794.8,219933.7,222072.6,224211.5,226350.4,228489.3,230628.2,232767.1,234906,204.9,207.06,209.22,211.38,213.54,215.7,217.86,220.02,222.18,224.34,226.5
"Washington, DC--MD--VA--WV PMSA",4923153,4430837.7,3938522.4,3446207.1,2953891.8,2461576.5,1969261.2,1476945.9,984630.6,492315.3,,756.3,680.67,605.04,529.41,453.78,378.15,302.52,226.89,151.26,75.63,
"Washington--Baltimore, DC--MD--VA--WV CMSA",7608070,6847263,6086456,5325649,4564842,3804035,3043228,2282421,1521614,760807,,794.5,715.05,635.6,556.15,476.7,397.25,317.8,238.35,158.9,79.45,
"Waterbury, CT PMSA",228984,206085.6,183187.2,160288.8,137390.4,114492,91593.6,68695.2,45796.8,22898.4,,980.6,882.54,784.48,686.42,588.36,490.3,392.24,294.18,196.12,98.06,
"Waterloo--Cedar Falls, IA MSA",128012,131992.7,135973.4,139954.1,143934.8,147915.5,151896.2,155876.9,159857.6,163838.3,167819,225.7,214.29,202.88,191.47,180.06,168.65,157.24,145.83,134.42,123.01,111.6
"Wausau, WI MSA",125834,126656.9,127479.8,128302.7,129125.6,129948.5,130771.4,131594.3,132417.2,133240.1,134063,81.4,81.94,82.48,83.02,83.56,84.1,84.64,85.18,85.72,86.26,86.8
"West Palm Beach--Boca Raton, FL MSA",1131184,1018065.6,904947.2,791828.8,678710.4,565592,452473.6,339355.2,226236.8,113118.4,,573,515.7,458.4,401.1,343.8,286.5,229.2,171.9,114.6,57.3,
"Wheeling, WV--OH MSA",153172,152649.8,152127.6,151605.4,151083.2,150561,150038.8,149516.6,148994.4,148472.2,147950,161.1,160.67,160.24,159.81,159.38,158.95,158.52,158.09,157.66,157.23,156.8
"Wichita Falls, TX MSA",140518,141596.8,142675.6,143754.4,144833.2,145912,146990.8,148069.6,149148.4,150227.2,151306,91.4,97.28,103.16,109.04,114.92,120.8,126.68,132.56,138.44,144.32,150.2
"Wichita, KS MSA",545220,553004.1,560788.2,568572.3,576356.4,584140.5,591924.6,599708.7,607492.8,615276.9,623061,183.8,171.2,158.6,146,133.4,120.8,108.2,95.6,83,70.4,57.8
"Williamsport, PA MSA",120044,119650.7,119257.4,118864.1,118470.8,118077.5,117684.2,117290.9,116897.6,116504.3,116111,97.2,96.93,96.66,96.39,96.12,95.85,95.58,95.31,95.04,94.77,94.5
"Wilmington, NC MSA",233450,246336.5,259223,272109.5,284996,297882.5,310769,323655.5,336542,349428.5,362315,221.5,218.34,215.18,212.02,208.86,205.7,202.54,199.38,196.22,193.06,189.9
"Wilmington--Newark, DE--MD PMSA",586216,527594.4,468972.8,410351.2,351729.6,293108,234486.4,175864.8,117243.2,58621.6,,757,681.3,605.6,529.9,454.2,378.5,302.8,227.1,151.4,75.7,
"Worcester, MA--CT PMSA",511389,540105.3,568821.6,597537.9,626254.2,654970.5,683686.8,712403.1,741119.4,769835.7,798552,594.2,587.64,581.08,574.52,567.96,561.4,554.84,548.28,541.72,535.16,528.6
"Yakima, WA MSA",222581,224646,226711,228776,230841,232906,234971,237036,239101,241166,243231,51.8,52.28,52.76,53.24,53.72,54.2,54.68,55.16,55.64,56.12,56.6
"Yolo, CA PMSA",168660,151794,134928,118062,101196,84330,67464,50598,33732,16866,,166.5,149.85,133.2,116.55,99.9,83.25,66.6,49.95,33.3,16.65,
"York, PA MSA",381751,387073.1,392395.2,397717.3,403039.4,408361.5,413683.6,419005.7,424327.8,429649.9,434972,422.1,428,433.9,439.8,445.7,451.6,457.5,463.4,469.3,475.2,481.1
"Youngstown--Warren, OH MSA",594746,591848.7,588951.4,586054.1,583156.8,580259.5,577362.2,574464.9,571567.6,568670.3,565773,380.2,375.41,370.62,365.83,361.04,356.25,351.46,346.67,341.88,337.09,332.3
"Yuba City, CA MSA",139149,141923.3,144697.6,147471.9,150246.2,153020.5,155794.8,158569.1,161343.4,164117.7,166892,112.8,115.04,117.28,119.52,121.76,124,126.24,128.48,130.72,132.96,135.2
"Yuma, AZ MSA",160026,163598.5,167171,170743.5,174316,177888.5,181461,185033.5,188606,192178.5,195751,29,29.65,30.3,30.95,31.6,32.25,32.9,33.55,34.2,34.85,35.5
"Ames, IA MSA",,,,,,,,,,,89542,,,,,,,,,,,156.3
"Anderson, IN MSA",,,,,,,,,,,131636,,,,,,,,,,,291.3
"Anderson, SC MSA",,,,,,,,,,,187126,,,,,,,,,,,261.6
"Atlanta-Sandy Springs-Marietta, GA MSA",,,,,,,,,,,5268860,,,,,,,,,,,631.9
"Atlantic City-Hammonton, NJ MSA",,,,,,,,,,,274549,,,,,,,,,,,494.1
"Augusta-Richmond County, GA-SC MSA",,,,,,,,,,,556877,,,,,,,,,,,170.3
"Battle Creek, MI MSA",,,,,,,,,,,136146,,,,,,,,,,,192.8
"Bay City, MI MSA",,,,,,,,,,,107771,,,,,,,,,,,243.7
"Bend, OR MSA",,,,,,,,,,,157733,,,,,,,,,,,52.3
"Blacksburg-Christiansburg-Radford, VA MSA",,,,,,,,,,,162958,,,,,,,,,,,151.9
"Bowling Green, KY MSA",,,,,,,,,,,125953,,,,,,,,,,,149.1
"Bridgeport-Stamford-Norwalk, CT MSA",,,,,,,,,,,916829,,,,,,,,,,,1467.2
"Brunswick, GA MSA",,,,,,,,,,,112370,,,,,,,,,,,87.4
"Burlington-South Burlington, VT MSA",,,,,,,,,,,211261,,,,,,,,,,,168.7
"Cape Coral-Fort Myers, FL MSA",,,,,,,,,,,618754,,,,,,,,,,,788.7
"Cape Girardeau-Jackson, MO-IL MSA",,,,,,,,,,,96275,,,,,,,,,,,67.2
"Carson City, NV MSA",,,,,,,,,,,55274,,,,,,,,,,,382.1
"Chicago-Joliet-Naperville, IL-IN-WI MSA",,,,,,,,,,,9461105,,,,,,,,,,,1314.6
"Coeur d'Alene, ID MSA",,,,,,,,,,,138494,,,,,,,,,,,111.3
"College Station-Bryan, TX MSA",,,,,,,,,,,228660,,,,,,,,,,,108.9
"Columbus, IN MSA",,,,,,,,,,,76794,,,,,,,,,,,188.7
"Crestview-Fort Walton Beach-Destin, FL MSA",,,,,,,,,,,180822,,,,,,,,,,,194.4
"Dalton, GA MSA",,,,,,,,,,,142227,,,,,,,,,,,224
"Danville, IL MSA",,,,,,,,,,,81625,,,,,,,,,,,90.9
"Dayton, OH MSA",,,,,,,,,,,841502,,,,,,,,,,,493.3
"Deltona-Daytona Beach-Ormond Beach, FL MSA",,,,,,,,,,,494593,,,,,,,,,,,449.2
"Durham-Chapel Hill, NC MSA",,,,,,,,,,,504357,,,,,,,,,,,286.8
"El Centro, CA MSA",,,,,,,,,,,174528,,,,,,,,,,,41.8
"Elizabethtown, KY MSA",,,,,,,,,,,119736,,,,,,,,,,,135.3
"Fairbanks, AK MSA",,,,,,,,,,,97581,,,,,,,,,,,13.3
"Farmington, NM MSA",,,,,,,,,,,130044,,,,,,,,,,,23.6
"Fond du Lac, WI MSA",,,,,,,,,,,101633,,,,,,,,,,,141.2
"Gainesville, GA MSA",,,,,,,,,,,179684,,,,,,,,,,,457.5
"Grand Rapids-Wyoming, MI MSA",,,,,,,,,,,774160,,,,,,,,,,,278
"Greensboro-High Point, NC MSA",,,,,,,,,,,723801,,,,,,,,,,,363
"Greenville-Mauldin-Easley, SC MSA",,,,,,,,,,,636986,,,,,,,,,,,319.2
"Gulfport-Biloxi, MS MSA",,,,,,,,,,,248820,,,,,,,,,,,166.6
"Harrisonburg, VA MSA",,,,,,,,,,,125228,,,,,,,,,,,144.5
"Hinesville-Fort Stewart, GA MSA",,,,,,,,,,,77917,,,,,,,,,,,87.5
"Holland-Grand Haven, MI MSA",,,,,,,,,,,263801,,,,,,,,,,,468.2
"Hot Springs, AR MSA",,,,,,,,,,,96024,,,,,,,,,,,141.7
"Houma-Bayou Cane-Thibodaux, LA MSA",,,,,,,,,,,208178,,,,,,,,,,,90.5
"Idaho Falls, ID MSA",,,,,,,,,,,130374,,,,,,,,,,,44.1
"Ithaca, NY MSA",,,,,,,,,,,101564,,,,,,,,,,,214
"Jefferson City, MO MSA",,,,,,,,,,,149807,,,,,,,,,,,66.6
"Johnson City, TN MSA",,,,,,,,,,,198716,,,,,,,,,,,232.7
"Kennewick-Pasco-Richland, WA MSA",,,,,,,,,,,253340,,,,,,,,,,,86.1
"Kingsport-Bristol-Bristol, TN-VA MSA",,,,,,,,,,,309544,,,,,,,,,,,154
"Kingston, NY MSA",,,,,,,,,,,182493,,,,,,,,,,,162.3
"Lake Havasu City-Kingman, AZ MSA",,,,,,,,,,,200186,,,,,,,,,,,15
"Lebanon, PA MSA",,,,,,,,,,,133568,,,,,,,,,,,369.1
"Lewiston, ID-WA MSA",,,,,,,,,,,60888,,,,,,,,,,,41
"Logan, UT-ID MSA",,,,,,,,,,,125442,,,,,,,,,,,68.6
"Longview, WA MSA",,,,,,,,,,,102410,,,,,,,,,,,89.8
"Madera-Chowchilla, CA MSA",,,,,,,,,,,150865,,,,,,,,,,,70.6
"Manhattan, KS MSA",,,,,,,,,,,127081,,,,,,,,,,,69.2
"Mankato-North Mankato, MN MSA",,,,,,,,,,,96740,,,,,,,,,,,80.9
"Medford, OR MSA",,,,,,,,,,,203206,,,,,,,,,,,73
"Michigan City-La Porte, IN MSA",,,,,,,,,,,111467,,,,,,,,,,,186.3
"Midland, TX MSA",,,,,,,,,,,136872,,,,,,,,,,,152
"Monroe, MI MSA",,,,,,,,,,,152021,,,,,,,,,,,276.7
"Morgantown, WV MSA",,,,,,,,,,,129709,,,,,,,,,,,128.6
"Morristown, TN MSA",,,,,,,,,,,136608,,,,,,,,,,,190.8
"Mount Vernon-Anacortes, WA MSA",,,,,,,,,,,116901,,,,,,,,,,,67.5
"Napa, CA MSA",,,,,,,,,,,136484,,,,,,,,,,,182.4
"Niles-Benton Harbor, MI MSA",,,,,,,,,,,156813,,,,,,,,,,,276.2
"North Port-Bradenton-Sarasota, FL MSA",,,,,,,,,,,702281,,,,,,,,,,,540.7
"Norwich-New London, CT MSA",,,,,,,,,,,274055,,,,,,,,,,,412.2
"Ocean City, NJ MSA",,,,,,,,,,,97265,,,,,,,,,,,386.9
"Odessa, TX MSA",,,,,,,,,,,137130,,,,,,,,,,,152.8
"Ogden-Clearfield, UT MSA",,,,,,,,,,,547184,,,,,,,,,,,368.7
"Oshkosh-Neenah, WI MSA",,,,,,,,,,,166994,,,,,,,,,,,384.3
"Oxnard-Thousand Oaks-Ventura, CA MSA",,,,,,,,,,,823318,,,,,,,,,,,446.7
"Palm Bay-Melbourne-Titusville, FL MSA",,,,,,,,,,,543376,,,,,,,,,,,535
"Palm Coast, FL MSA",,,,,,,,,,,95696,,,,,,,,,,,197.1
"Pascagoula, MS MSA",,,,,,,,,,,162246,,,,,,,,,,,135
"Portland-South Portland-Biddeford, ME MSA",,,,,,,,,,,514098,,,,,,,,,,,247.2
"Port St. Lucie, FL MSA",,,,,,,,,,,424107,,,,,,,,,,,380.2
"Poughkeepsie-Newburgh-Middletown, NY MSA",,,,,,,,,,,670301,,,,,,,,,,,417
"Prescott, AZ MSA",,,,,,,,,,,211033,,,,,,,,,,,26
"Rome, GA MSA",,,,,,,,,,,96317,,,,,,,,,,,188.9
"St. George, UT MSA",,,,,,,,,,,138115,,,,,,,,,,,56.9
"Salisbury, MD MSA",,,,,,,,,,,125203,,,,,,,,,,,180.4
"Sandusky, OH MSA",,,,,,,,,,,77079,,,,,,,,,,,306.4
"Sebastian-Vero Beach, FL MSA",,,,,,,,,,,138028,,,,,,,,,,,274.5
"Spartanburg, SC MSA",,,,,,,,,,,284307,,,,,,,,,,,351.9
"Springfield, OH MSA",,,,,,,,,,,138333,,,,,,,,,,,348
"Valdosta, GA MSA",,,,,,,,,,,139588,,,,,,,,,,,87.8
"Virginia Beach-Norfolk-Newport News, VA-NC MSA",,,,,,,,,,,1671683,,,,,,,,,,,635.7
"Warner Robins, GA MSA",,,,,,,,,,,139900,,,,,,,,,,,372.5
"Washington-Arlington-Alexandria, DC-VA-MD-WV MSA",,,,,,,,,,,5582170,,,,,,,,,,,997.1
"Wenatchee-East Wenatchee, WA MSA",,,,,,,,,,,110884,,,,,,,,,,,23.4
"Winchester, VA-WV MSA",,,,,,,,,,,128472,,,,,,,,,,,120.9
"Winston-Salem, NC MSA",,,,,,,,,,,477717,,,,,,,,,,,328.1
"York-Hanover, PA MSA",,,,,,,,,,,434972,,,,,,,,,,,481.1
"Fajardo, PR MSA",,,,,,,,,,,70692,,,,,,,,,,,834.5
"Guayama, PR MSA",,,,,,,,,,,84214,,,,,,,,,,,664.7
"San Germán-Cabo Rojo, PR MSA",,,,,,,,,,,137462,,,,,,,,,,,623
"Yauco, PR MSA",,,,,,,,,,,107333,,,,,,,,,,,558.6
